fig,spec,spec_label,num_agents,planner_label,role,source,reproducible,run_id,project,url,commit,created,host,env,repro_args,orig_args,log_suffix,epi,max_step,area_size,spec_len,stl_mixed_spec_mode,diffusion_method,achievable_guidance,use_batched_sampling,random_goals_region,team_alloc,gs,ref_success_mean,ref_success_std,ref_safe_mean,ref_safe_std,ref_finish_rate,ref_finish_rate_std,ref_TtR,ref_TtR_std,ref_plan_time_mean,ref_plan_time_std,ref_task_rate,ref_task_rate_std,note
random_loc,m2branch2,Branch,8,DIFF-MA,bar,random_loc,yes,wfr2ujm6,gcbfplus-stl-test,https://wandb.ai/csbric/gcbfplus-stl-test/runs/wfr2ujm6,8499d431,2026-07-05,workstation,,--path ./pretrained/DubinsCar/gcbf+/ --area-size 6 --obs 0 --nojit-rollout --spec-len 15 --goal-sample-interval 20 --async-planner --ignore-on-finish --no-video --log --random-goals --traced-goals --change_goal_immediately --epi 10 -n 8 --spec m2branch2 --planner diffusion --diffusion-method edm-ma --wandb-run-id qkmvppvt --num_candidates 8,--path ./pretrained/DubinsCar/gcbf+/ --area-size 6 --obs 0 --nojit-rollout --spec-len 15 --goal-sample-interval 20 --async-planner --ignore-on-finish --no-video --log --wandb-log --random-goals --traced-goals --change_goal_immediately --epi 10 -n 8 --spec m2branch2 --wandb-tags random-loc-grid-a6 --planner diffusion --diffusion-method edm-ma --wandb-run-id qkmvppvt --num_candidates 8,_repro_wfr2ujm6,10,1800.0,6,15,first1,edm-ma,False,False,,greedy,,95.0,6.123724356957945,100.0,0.0,0.949999988079071,0.06123724579811096,1196.71435546875,49.70421600341797,0.1872,0.0475,,,
random_loc,m2branch2,Branch,8,DIFF-SA,bar,random_loc,yes,yqmxqmht,gcbfplus-stl-test,https://wandb.ai/csbric/gcbfplus-stl-test/runs/yqmxqmht,8499d431,2026-07-06,workstation,,--path ./pretrained/DubinsCar/gcbf+/ --area-size 6 --obs 0 --nojit-rollout --spec-len 15 --goal-sample-interval 20 --async-planner --ignore-on-finish --no-video --log --random-goals --traced-goals --change_goal_immediately --epi 10 -n 8 --spec m2branch2 --planner diffusion --diffusion-method edm --wandb-run-id qkmvppvt,--path ./pretrained/DubinsCar/gcbf+/ --area-size 6 --obs 0 --nojit-rollout --spec-len 15 --goal-sample-interval 20 --async-planner --ignore-on-finish --no-video --log --wandb-log --random-goals --traced-goals --change_goal_immediately --epi 10 -n 8 --spec m2branch2 --wandb-tags random-loc-grid-a6 edm-baseline --planner diffusion --diffusion-method edm --wandb-run-id qkmvppvt,_repro_yqmxqmht,10,1800.0,6,15,first1,edm,False,False,,greedy,,93.75,6.25,98.75,3.75,0.949999988079071,0.06123724579811096,960.2857666015624,57.67431640625,0.1546,0.0012,,,
random_loc,m2branch2,Branch,8,STLPY-SA,bar,random_loc,yes,ipz5w1ae,gcbfplus-stl-test,https://wandb.ai/csbric/gcbfplus-stl-test/runs/ipz5w1ae,8499d431,2026-07-05,workstation,,--path ./pretrained/DubinsCar/gcbf+/ --area-size 6 --obs 0 --nojit-rollout --spec-len 15 --goal-sample-interval 20 --async-planner --ignore-on-finish --no-video --log --random-goals --traced-goals --change_goal_immediately --epi 10 -n 8 --spec m2branch2 --planner stlpy,--path ./pretrained/DubinsCar/gcbf+/ --area-size 6 --obs 0 --nojit-rollout --spec-len 15 --goal-sample-interval 20 --async-planner --ignore-on-finish --no-video --log --wandb-log --random-goals --traced-goals --change_goal_immediately --epi 10 -n 8 --spec m2branch2 --wandb-tags random-loc-grid-a6 --planner stlpy,_repro_ipz5w1ae,10,1800.0,6,15,first1,edm-ma,False,False,,greedy,,86.25,10.383279828647591,98.75,3.75,0.875,0.09682458639144896,552.2428588867188,42.39687728881836,9.1957,0.1276,,,
random_loc,m2branch2,Branch,8,Gradient,bar,random_loc,no-code,c9gwoygz,diff-mastl-test,https://wandb.ai/csbric/diff-mastl-test/runs/c9gwoygz,0274dda0,2026-07-06,workstation,,--path ./pretrained/DubinsCar/gcbf+/ --epi 5 --area-size 6 --obs 0 --seed 1234 --nojit-rollout --spec-len 30 --goal-sample-interval 20 --async-planner --ignore-on-finish --no-video --log -n 8 --spec m2branch2 --planner ce_nl --random-goals,--path pretrained/DubinsCar/gcbf+/ --epi 5 --area-size 6 --obs 0 --seed 1234 --nojit-rollout --spec-len 30 --goal-sample-interval 20 --async-planner --ignore-on-finish --no-video --log --wandb-log -n 8 --spec m2branch2 --planner ce_nl --random-goals,_repro_c9gwoygz,5,4200.0,6,30,first1,edm-ma,False,False,,,,47.5,24.23839928708165,100.0,0.0,0.4749999940395355,0.24238398671150208,1479.0,313.1885986328125,13.3879,0.4852,,,not re-run: ce_nl planner is not in the pinned code (unpublished commit 0274dda0); plot_reproduced.py uses the ref_* values
random_loc,m2branch2,Branch,16,DIFF-MA,bar,random_loc,yes,ofgoih55,gcbfplus-stl-test,https://wandb.ai/csbric/gcbfplus-stl-test/runs/ofgoih55,8499d431,2026-07-05,workstation,,--path ./pretrained/DubinsCar/gcbf+/ --area-size 6 --obs 0 --nojit-rollout --spec-len 15 --goal-sample-interval 20 --async-planner --ignore-on-finish --no-video --log --random-goals --traced-goals --change_goal_immediately --epi 10 -n 16 --spec m2branch2 --planner diffusion --diffusion-method edm-ma --wandb-run-id qkmvppvt --num_candidates 8 --achievable_guidance,--path ./pretrained/DubinsCar/gcbf+/ --area-size 6 --obs 0 --nojit-rollout --spec-len 15 --goal-sample-interval 20 --async-planner --ignore-on-finish --no-video --log --wandb-log --random-goals --traced-goals --change_goal_immediately --epi 10 -n 16 --spec m2branch2 --wandb-tags random-loc-grid-a6 --planner diffusion --diffusion-method edm-ma --wandb-run-id qkmvppvt --num_candidates 8 --achievable_guidance,_repro_ofgoih55,10,2400.0,6,15,first1,edm-ma,True,False,,greedy,,96.25,4.14578098794425,99.375,1.875,0.96875,0.03125,1300.3167724609375,64.38375091552734,4.8665,1.709,,,
random_loc,m2branch2,Branch,16,DIFF-SA,bar,random_loc,yes,nk7anw5r,gcbfplus-stl-test,https://wandb.ai/csbric/gcbfplus-stl-test/runs/nk7anw5r,8499d431,2026-07-06,workstation,,--path ./pretrained/DubinsCar/gcbf+/ --area-size 6 --obs 0 --nojit-rollout --spec-len 15 --goal-sample-interval 20 --async-planner --ignore-on-finish --no-video --log --random-goals --traced-goals --change_goal_immediately --epi 10 -n 16 --spec m2branch2 --planner diffusion --diffusion-method edm --wandb-run-id qkmvppvt --use_batched_sampling --num_candidates 8,--path ./pretrained/DubinsCar/gcbf+/ --area-size 6 --obs 0 --nojit-rollout --spec-len 15 --goal-sample-interval 20 --async-planner --ignore-on-finish --no-video --log --wandb-log --random-goals --traced-goals --change_goal_immediately --epi 10 -n 16 --spec m2branch2 --wandb-tags random-loc-grid-a6 edm-baseline edm-bo8 --planner diffusion --diffusion-method edm --wandb-run-id qkmvppvt --use_batched_sampling --num_candidates 8,_repro_nk7anw5r,10,2400.0,6,15,first1,edm,False,True,,greedy,,88.125,6.525191568069093,95.625,5.625000000000001,0.918749988079071,0.048814062029123306,1089.967041015625,93.14168548583984,0.3853,0.0645,,,
random_loc,m2branch2,Branch,16,STLPY-SA,bar,random_loc,yes,mm85t4es,gcbfplus-stl-test,https://wandb.ai/csbric/gcbfplus-stl-test/runs/mm85t4es,8499d431,2026-07-05,workstation,,--path ./pretrained/DubinsCar/gcbf+/ --area-size 6 --obs 0 --nojit-rollout --spec-len 15 --goal-sample-interval 20 --async-planner --ignore-on-finish --no-video --log --random-goals --traced-goals --change_goal_immediately --epi 10 -n 16 --spec m2branch2 --planner stlpy,--path ./pretrained/DubinsCar/gcbf+/ --area-size 6 --obs 0 --nojit-rollout --spec-len 15 --goal-sample-interval 20 --async-planner --ignore-on-finish --no-video --log --wandb-log --random-goals --traced-goals --change_goal_immediately --epi 10 -n 16 --spec m2branch2 --wandb-tags random-loc-grid-a6 --planner stlpy,_repro_mm85t4es,10,2400.0,6,15,first1,edm-ma,False,False,,greedy,,81.875,13.243512562760678,93.125,10.986497394529342,0.8812500238418579,0.09035520255565643,639.7915649414062,76.41682434082031,18.468,0.2237,,,
random_loc,m2branch2,Branch,16,Gradient,bar,random_loc,no-code,x3k7e7ky,diff-mastl-test,https://wandb.ai/csbric/diff-mastl-test/runs/x3k7e7ky,0274dda0,2026-07-06,workstation,,--path ./pretrained/DubinsCar/gcbf+/ --epi 5 --area-size 6 --obs 0 --seed 1234 --nojit-rollout --spec-len 30 --goal-sample-interval 20 --async-planner --ignore-on-finish --no-video --log -n 16 --spec m2branch2 --planner ce_nl --random-goals,--path pretrained/DubinsCar/gcbf+/ --epi 5 --area-size 6 --obs 0 --seed 1234 --nojit-rollout --spec-len 30 --goal-sample-interval 20 --async-planner --ignore-on-finish --no-video --log --wandb-log -n 16 --spec m2branch2 --planner ce_nl --random-goals,_repro_x3k7e7ky,5,4200.0,6,30,first1,edm-ma,False,False,,,,42.5,21.065374432940896,83.75,12.24744871391589,0.4749999940395355,0.2610076665878296,1488.9886474609375,267.038330078125,26.9792,2.2694,,,not re-run: ce_nl planner is not in the pinned code (unpublished commit 0274dda0); plot_reproduced.py uses the ref_* values
random_loc,m2branch2,Branch,32,DIFF-MA,bar,random_loc,yes,ekvaewct,gcbfplus-stl-test,https://wandb.ai/csbric/gcbfplus-stl-test/runs/ekvaewct,8499d431,2026-07-05,workstation,,--path ./pretrained/DubinsCar/gcbf+/ --area-size 6 --obs 0 --nojit-rollout --spec-len 15 --goal-sample-interval 20 --async-planner --ignore-on-finish --no-video --log --random-goals --traced-goals --change_goal_immediately --epi 10 -n 32 --spec m2branch2 --planner diffusion --diffusion-method edm-ma --wandb-run-id qkmvppvt --num_candidates 8 --achievable_guidance,--path ./pretrained/DubinsCar/gcbf+/ --area-size 6 --obs 0 --nojit-rollout --spec-len 15 --goal-sample-interval 20 --async-planner --ignore-on-finish --no-video --log --wandb-log --random-goals --traced-goals --change_goal_immediately --epi 10 -n 32 --spec m2branch2 --wandb-tags random-loc-grid-a6 --planner diffusion --diffusion-method edm-ma --wandb-run-id qkmvppvt --num_candidates 8 --achievable_guidance,_repro_ekvaewct,10,3000.0,6,15,first1,edm-ma,True,False,,greedy,,82.5,10.0,90.9375,8.202752967754181,0.909375011920929,0.05668236315250397,1570.3402099609375,82.62432861328125,11.2744,3.9513,,,
random_loc,m2branch2,Branch,32,DIFF-SA,bar,random_loc,yes,y86ji76y,gcbfplus-stl-test,https://wandb.ai/csbric/gcbfplus-stl-test/runs/y86ji76y,8499d431,2026-07-06,workstation,,--path ./pretrained/DubinsCar/gcbf+/ --area-size 6 --obs 0 --nojit-rollout --spec-len 15 --goal-sample-interval 20 --async-planner --ignore-on-finish --no-video --log --random-goals --traced-goals --change_goal_immediately --epi 10 -n 32 --spec m2branch2 --planner diffusion --diffusion-method edm --wandb-run-id qkmvppvt --use_batched_sampling --num_candidates 8,--path ./pretrained/DubinsCar/gcbf+/ --area-size 6 --obs 0 --nojit-rollout --spec-len 15 --goal-sample-interval 20 --async-planner --ignore-on-finish --no-video --log --wandb-log --random-goals --traced-goals --change_goal_immediately --epi 10 -n 32 --spec m2branch2 --wandb-tags random-loc-grid-a6 edm-baseline edm-bo8 --planner diffusion --diffusion-method edm --wandb-run-id qkmvppvt --use_batched_sampling --num_candidates 8,_repro_y86ji76y,10,3000.0,6,15,first1,edm,False,True,,greedy,,75.0,8.94863816454772,81.5625,8.320954347308968,0.8968750238418579,0.05770683288574219,1383.4705810546875,145.5677947998047,0.5504,0.111,,,
random_loc,m2branch2,Branch,32,STLPY-SA,bar,random_loc,yes,81eddjhh,gcbfplus-stl-test,https://wandb.ai/csbric/gcbfplus-stl-test/runs/81eddjhh,8499d431,2026-07-05,workstation,,--path ./pretrained/DubinsCar/gcbf+/ --area-size 6 --obs 0 --nojit-rollout --spec-len 15 --goal-sample-interval 20 --async-planner --ignore-on-finish --no-video --log --random-goals --traced-goals --change_goal_immediately --epi 10 -n 32 --spec m2branch2 --planner stlpy,--path ./pretrained/DubinsCar/gcbf+/ --area-size 6 --obs 0 --nojit-rollout --spec-len 15 --goal-sample-interval 20 --async-planner --ignore-on-finish --no-video --log --wandb-log --random-goals --traced-goals --change_goal_immediately --epi 10 -n 32 --spec m2branch2 --wandb-tags random-loc-grid-a6 --planner stlpy,_repro_81eddjhh,10,3000.0,6,15,first1,edm-ma,False,False,,greedy,,63.74999999999999,14.737282653189496,73.125,16.84024198163435,0.875,0.11180339753627776,833.9640502929688,137.7059326171875,37.4068,0.5305,,,
random_loc,m2branch2,Branch,32,Gradient,bar,random_loc,no-code,2d73qjdu,diff-mastl-test,https://wandb.ai/csbric/diff-mastl-test/runs/2d73qjdu,0274dda0,2026-07-06,workstation,,--path ./pretrained/DubinsCar/gcbf+/ --epi 5 --area-size 6 --obs 0 --seed 1234 --nojit-rollout --spec-len 30 --goal-sample-interval 20 --async-planner --ignore-on-finish --no-video --log -n 32 --spec m2branch2 --planner ce_nl --random-goals,--path pretrained/DubinsCar/gcbf+/ --epi 5 --area-size 6 --obs 0 --seed 1234 --nojit-rollout --spec-len 30 --goal-sample-interval 20 --async-planner --ignore-on-finish --no-video --log --wandb-log -n 32 --spec m2branch2 --planner ce_nl --random-goals,_repro_2d73qjdu,5,4200.0,6,30,first1,edm-ma,False,False,,,,20.0,7.551903733496608,51.87500000000001,18.812396179115513,0.46875,0.24447008967399597,1743.845947265625,218.2993621826172,52.6412,3.981,,,not re-run: ce_nl planner is not in the pinned code (unpublished commit 0274dda0); plot_reproduced.py uses the ref_* values
random_loc,mcover3,Cover,8,DIFF-MA,bar,random_loc,yes,xnzi219x,gcbfplus-stl-test,https://wandb.ai/csbric/gcbfplus-stl-test/runs/xnzi219x,8499d431,2026-07-05,workstation,,--path ./pretrained/DubinsCar/gcbf+/ --area-size 6 --obs 0 --nojit-rollout --spec-len 15 --goal-sample-interval 20 --async-planner --ignore-on-finish --no-video --log --random-goals --traced-goals --change_goal_immediately --epi 10 -n 8 --spec mcover3 --planner diffusion --diffusion-method edm-ma --wandb-run-id qkmvppvt --num_candidates 8,--path ./pretrained/DubinsCar/gcbf+/ --area-size 6 --obs 0 --nojit-rollout --spec-len 15 --goal-sample-interval 20 --async-planner --ignore-on-finish --no-video --log --wandb-log --random-goals --traced-goals --change_goal_immediately --epi 10 -n 8 --spec mcover3 --wandb-tags random-loc-grid-a6 --planner diffusion --diffusion-method edm-ma --wandb-run-id qkmvppvt --num_candidates 8,_repro_xnzi219x,10,1500.0,6,15,first1,edm-ma,False,False,,greedy,,97.5,7.5,100.0,0.0,0.975000023841858,0.07500000298023224,1295.0833740234375,49.99228286743164,0.233,0.1039,,,
random_loc,mcover3,Cover,8,DIFF-SA,bar,random_loc,yes,mw5f5nph,gcbfplus-stl-test,https://wandb.ai/csbric/gcbfplus-stl-test/runs/mw5f5nph,8499d431,2026-07-06,workstation,,--path ./pretrained/DubinsCar/gcbf+/ --area-size 6 --obs 0 --nojit-rollout --spec-len 15 --goal-sample-interval 20 --async-planner --ignore-on-finish --no-video --log --random-goals --traced-goals --change_goal_immediately --epi 10 -n 8 --spec mcover3 --planner diffusion --diffusion-method edm --wandb-run-id qkmvppvt,--path ./pretrained/DubinsCar/gcbf+/ --area-size 6 --obs 0 --nojit-rollout --spec-len 15 --goal-sample-interval 20 --async-planner --ignore-on-finish --no-video --log --wandb-log --random-goals --traced-goals --change_goal_immediately --epi 10 -n 8 --spec mcover3 --wandb-tags random-loc-grid-a6 edm-baseline --planner diffusion --diffusion-method edm --wandb-run-id qkmvppvt,_repro_mw5f5nph,10,1500.0,6,15,first1,edm,False,False,,greedy,,93.75,8.38525491562421,96.25,8.00390529679106,0.975000023841858,0.05000000074505806,1019.8214721679688,58.56795501708984,0.2481,0.1378,,,
random_loc,mcover3,Cover,8,STLPY-SA,bar,random_loc,yes,h5gtu4b6,gcbfplus-stl-test,https://wandb.ai/csbric/gcbfplus-stl-test/runs/h5gtu4b6,8499d431,2026-07-05,workstation,,--path ./pretrained/DubinsCar/gcbf+/ --area-size 6 --obs 0 --nojit-rollout --spec-len 15 --goal-sample-interval 20 --async-planner --ignore-on-finish --no-video --log --random-goals --traced-goals --change_goal_immediately --epi 10 -n 8 --spec mcover3 --planner stlpy,--path ./pretrained/DubinsCar/gcbf+/ --area-size 6 --obs 0 --nojit-rollout --spec-len 15 --goal-sample-interval 20 --async-planner --ignore-on-finish --no-video --log --wandb-log --random-goals --traced-goals --change_goal_immediately --epi 10 -n 8 --spec mcover3 --wandb-tags random-loc-grid-a6 --planner stlpy,_repro_h5gtu4b6,10,1500.0,6,15,first1,edm-ma,False,False,,greedy,,91.25,11.25,100.0,0.0,0.912500023841858,0.11250000447034836,613.9928588867188,26.299636840820312,7.6281,0.1449,,,
random_loc,mcover3,Cover,8,Gradient,bar,random_loc,no-code,qc0rgo0r,diff-mastl-test,https://wandb.ai/csbric/diff-mastl-test/runs/qc0rgo0r,0274dda0,2026-07-06,workstation,,--path ./pretrained/DubinsCar/gcbf+/ --epi 5 --area-size 6 --obs 0 --seed 1234 --nojit-rollout --spec-len 30 --goal-sample-interval 20 --async-planner --ignore-on-finish --no-video --log -n 8 --spec mcover3 --planner ce_nl --random-goals,--path pretrained/DubinsCar/gcbf+/ --epi 5 --area-size 6 --obs 0 --seed 1234 --nojit-rollout --spec-len 30 --goal-sample-interval 20 --async-planner --ignore-on-finish --no-video --log --wandb-log -n 8 --spec mcover3 --planner ce_nl --random-goals,_repro_qc0rgo0r,5,4200.0,6,30,first1,edm-ma,False,False,,,,25.0,38.72983346207417,100.0,0.0,0.25,0.3872983455657959,1256.0,25.0,15.5371,1.5212,,,not re-run: ce_nl planner is not in the pinned code (unpublished commit 0274dda0); plot_reproduced.py uses the ref_* values
random_loc,mcover3,Cover,16,DIFF-MA,bar,random_loc,yes,6dzdog5g,gcbfplus-stl-test,https://wandb.ai/csbric/gcbfplus-stl-test/runs/6dzdog5g,8499d431,2026-07-05,workstation,,--path ./pretrained/DubinsCar/gcbf+/ --area-size 6 --obs 0 --nojit-rollout --spec-len 15 --goal-sample-interval 20 --async-planner --ignore-on-finish --no-video --log --random-goals --traced-goals --change_goal_immediately --epi 10 -n 16 --spec mcover3 --planner diffusion --diffusion-method edm-ma --wandb-run-id qkmvppvt --num_candidates 8,--path ./pretrained/DubinsCar/gcbf+/ --area-size 6 --obs 0 --nojit-rollout --spec-len 15 --goal-sample-interval 20 --async-planner --ignore-on-finish --no-video --log --wandb-log --random-goals --traced-goals --change_goal_immediately --epi 10 -n 16 --spec mcover3 --wandb-tags random-loc-grid-a6 --planner diffusion --diffusion-method edm-ma --wandb-run-id qkmvppvt --num_candidates 8,_repro_6dzdog5g,10,1800.0,6,15,first1,edm-ma,False,False,,greedy,,98.75,2.5,100.0,0.0,0.987500011920929,0.02500000037252903,1415.3499755859375,50.06687545776367,0.28,0.122,,,
random_loc,mcover3,Cover,16,DIFF-SA,bar,random_loc,yes,fmfvixbm,gcbfplus-stl-test,https://wandb.ai/csbric/gcbfplus-stl-test/runs/fmfvixbm,8499d431,2026-07-06,workstation,,--path ./pretrained/DubinsCar/gcbf+/ --area-size 6 --obs 0 --nojit-rollout --spec-len 15 --goal-sample-interval 20 --async-planner --ignore-on-finish --no-video --log --random-goals --traced-goals --change_goal_immediately --epi 10 -n 16 --spec mcover3 --planner diffusion --diffusion-method edm --wandb-run-id qkmvppvt,--path ./pretrained/DubinsCar/gcbf+/ --area-size 6 --obs 0 --nojit-rollout --spec-len 15 --goal-sample-interval 20 --async-planner --ignore-on-finish --no-video --log --wandb-log --random-goals --traced-goals --change_goal_immediately --epi 10 -n 16 --spec mcover3 --wandb-tags random-loc-grid-a6 edm-baseline --planner diffusion --diffusion-method edm --wandb-run-id qkmvppvt,_repro_fmfvixbm,10,1800.0,6,15,first1,edm,False,False,,greedy,,88.125,11.33647321701066,93.125,10.98649739452934,0.949999988079071,0.046770721673965454,1142.645263671875,61.971092224121094,0.333,0.1378,,,
random_loc,mcover3,Cover,16,STLPY-SA,bar,random_loc,yes,34kq1e8t,gcbfplus-stl-test,https://wandb.ai/csbric/gcbfplus-stl-test/runs/34kq1e8t,8499d431,2026-07-05,workstation,,--path ./pretrained/DubinsCar/gcbf+/ --area-size 6 --obs 0 --nojit-rollout --spec-len 15 --goal-sample-interval 20 --async-planner --ignore-on-finish --no-video --log --random-goals --traced-goals --change_goal_immediately --epi 10 -n 16 --spec mcover3 --planner stlpy,--path ./pretrained/DubinsCar/gcbf+/ --area-size 6 --obs 0 --nojit-rollout --spec-len 15 --goal-sample-interval 20 --async-planner --ignore-on-finish --no-video --log --wandb-log --random-goals --traced-goals --change_goal_immediately --epi 10 -n 16 --spec mcover3 --wandb-tags random-loc-grid-a6 --planner stlpy,_repro_34kq1e8t,10,1800.0,6,15,first1,edm-ma,False,False,,greedy,,85.0,6.959705453537526,93.125,8.5923294280422,0.918749988079071,0.05625000223517418,706.6439819335938,56.66194534301758,15.2156,0.3253,,,
random_loc,mcover3,Cover,16,Gradient,bar,random_loc,no-code,ew2te96l,diff-mastl-test,https://wandb.ai/csbric/diff-mastl-test/runs/ew2te96l,0274dda0,2026-07-06,workstation,,--path ./pretrained/DubinsCar/gcbf+/ --epi 5 --area-size 6 --obs 0 --seed 1234 --nojit-rollout --spec-len 30 --goal-sample-interval 20 --async-planner --ignore-on-finish --no-video --log -n 16 --spec mcover3 --planner ce_nl --random-goals,--path pretrained/DubinsCar/gcbf+/ --epi 5 --area-size 6 --obs 0 --seed 1234 --nojit-rollout --spec-len 30 --goal-sample-interval 20 --async-planner --ignore-on-finish --no-video --log --wandb-log -n 16 --spec mcover3 --planner ce_nl --random-goals,_repro_ew2te96l,5,4200.0,6,30,first1,edm-ma,False,False,,,,20.0,21.0653744329409,92.5,15.0,0.2750000059604645,0.3482097089290619,1409.666748046875,50.71490478515625,33.039,3.1216,,,not re-run: ce_nl planner is not in the pinned code (unpublished commit 0274dda0); plot_reproduced.py uses the ref_* values
random_loc,mcover3,Cover,32,DIFF-MA,bar,random_loc,yes,suhk3eof,gcbfplus-stl-test,https://wandb.ai/csbric/gcbfplus-stl-test/runs/suhk3eof,8499d431,2026-07-05,workstation,,--path ./pretrained/DubinsCar/gcbf+/ --area-size 6 --obs 0 --nojit-rollout --spec-len 15 --goal-sample-interval 20 --async-planner --ignore-on-finish --no-video --log --random-goals --traced-goals --change_goal_immediately --epi 10 -n 32 --spec mcover3 --planner diffusion --diffusion-method edm-ma --wandb-run-id qkmvppvt --num_candidates 8,--path ./pretrained/DubinsCar/gcbf+/ --area-size 6 --obs 0 --nojit-rollout --spec-len 15 --goal-sample-interval 20 --async-planner --ignore-on-finish --no-video --log --wandb-log --random-goals --traced-goals --change_goal_immediately --epi 10 -n 32 --spec mcover3 --wandb-tags random-loc-grid-a6 --planner diffusion --diffusion-method edm-ma --wandb-run-id qkmvppvt --num_candidates 8,_repro_suhk3eof,10,2400.0,6,15,first1,edm-ma,False,False,,greedy,,89.0625,9.606516343087124,89.6875,9.887057512222736,0.990625023841858,0.020009763538837433,1632.8536376953125,79.3338394165039,0.3122,0.111,,,
random_loc,mcover3,Cover,32,DIFF-SA,bar,random_loc,yes,0xs6mde5,gcbfplus-stl-test,https://wandb.ai/csbric/gcbfplus-stl-test/runs/0xs6mde5,8499d431,2026-07-06,workstation,,--path ./pretrained/DubinsCar/gcbf+/ --area-size 6 --obs 0 --nojit-rollout --spec-len 15 --goal-sample-interval 20 --async-planner --ignore-on-finish --no-video --log --random-goals --traced-goals --change_goal_immediately --epi 10 -n 32 --spec mcover3 --planner diffusion --diffusion-method edm --wandb-run-id qkmvppvt,--path ./pretrained/DubinsCar/gcbf+/ --area-size 6 --obs 0 --nojit-rollout --spec-len 15 --goal-sample-interval 20 --async-planner --ignore-on-finish --no-video --log --wandb-log --random-goals --traced-goals --change_goal_immediately --epi 10 -n 32 --spec mcover3 --wandb-tags random-loc-grid-a6 edm-baseline --planner diffusion --diffusion-method edm --wandb-run-id qkmvppvt,_repro_0xs6mde5,10,2400.0,6,15,first1,edm,False,False,,greedy,,81.875,7.5,84.0625,6.767627446158661,0.96875,0.03125,1378.4959716796875,81.4654541015625,0.3759,0.1422,,,
random_loc,mcover3,Cover,32,STLPY-SA,bar,random_loc,yes,11qmh3v5,gcbfplus-stl-test,https://wandb.ai/csbric/gcbfplus-stl-test/runs/11qmh3v5,8499d431,2026-07-05,workstation,,--path ./pretrained/DubinsCar/gcbf+/ --area-size 6 --obs 0 --nojit-rollout --spec-len 15 --goal-sample-interval 20 --async-planner --ignore-on-finish --no-video --log --random-goals --traced-goals --change_goal_immediately --epi 10 -n 32 --spec mcover3 --planner stlpy,--path ./pretrained/DubinsCar/gcbf+/ --area-size 6 --obs 0 --nojit-rollout --spec-len 15 --goal-sample-interval 20 --async-planner --ignore-on-finish --no-video --log --wandb-log --random-goals --traced-goals --change_goal_immediately --epi 10 -n 32 --spec mcover3 --wandb-tags random-loc-grid-a6 --planner stlpy,_repro_11qmh3v5,10,2400.0,6,15,first1,edm-ma,False,False,,greedy,,67.5,20.92583630347901,73.125,20.97245216945315,0.925000011920929,0.05266343802213669,885.7166137695312,82.19184112548828,30.6489,0.5031,,,
random_loc,mcover3,Cover,32,Gradient,bar,random_loc,no-code,jatnzwjs,diff-mastl-test,https://wandb.ai/csbric/diff-mastl-test/runs/jatnzwjs,0274dda0,2026-07-06,workstation,,--path ./pretrained/DubinsCar/gcbf+/ --epi 5 --area-size 6 --obs 0 --seed 1234 --nojit-rollout --spec-len 30 --goal-sample-interval 20 --async-planner --ignore-on-finish --no-video --log -n 32 --spec mcover3 --planner ce_nl --random-goals,--path pretrained/DubinsCar/gcbf+/ --epi 5 --area-size 6 --obs 0 --seed 1234 --nojit-rollout --spec-len 30 --goal-sample-interval 20 --async-planner --ignore-on-finish --no-video --log --wandb-log -n 32 --spec mcover3 --planner ce_nl --random-goals,_repro_jatnzwjs,5,4200.0,6,30,first1,edm-ma,False,False,,,,17.5,16.369751067135994,65.625,17.89727632909544,0.30000001192092896,0.3449411392211914,1847.1473388671875,371.1917724609375,69.1146,4.1807,,,not re-run: ce_nl planner is not in the pinned code (unpublished commit 0274dda0); plot_reproduced.py uses the ref_* values
random_loc,m2loop3,Loop,8,DIFF-MA,bar,random_loc,yes,abqr1bv7,gcbfplus-stl-test,https://wandb.ai/csbric/gcbfplus-stl-test/runs/abqr1bv7,8499d431,2026-07-05,workstation,,--path ./pretrained/DubinsCar/gcbf+/ --area-size 6 --obs 0 --nojit-rollout --spec-len 15 --goal-sample-interval 20 --async-planner --ignore-on-finish --no-video --log --random-goals --traced-goals --change_goal_immediately --epi 10 -n 8 --spec m2loop3 --planner diffusion --diffusion-method edm-ma --wandb-run-id qkmvppvt --num_candidates 8,--path ./pretrained/DubinsCar/gcbf+/ --area-size 6 --obs 0 --nojit-rollout --spec-len 15 --goal-sample-interval 20 --async-planner --ignore-on-finish --no-video --log --wandb-log --random-goals --traced-goals --change_goal_immediately --epi 10 -n 8 --spec m2loop3 --wandb-tags random-loc-grid-a6 --planner diffusion --diffusion-method edm-ma --wandb-run-id qkmvppvt --num_candidates 8,_repro_abqr1bv7,10,3000.0,6,15,first1,edm-ma,False,False,,greedy,,90.0,7.5,100.0,0.0,0.9000000357627869,0.07500000298023224,1559.1429443359375,85.70352172851562,0.325,0.128,,,
random_loc,m2loop3,Loop,8,DIFF-SA,bar,random_loc,yes,hnt9fp7p,gcbfplus-stl-test,https://wandb.ai/csbric/gcbfplus-stl-test/runs/hnt9fp7p,8499d431,2026-07-06,workstation,,--path ./pretrained/DubinsCar/gcbf+/ --area-size 6 --obs 0 --nojit-rollout --spec-len 15 --goal-sample-interval 20 --async-planner --ignore-on-finish --no-video --log --random-goals --traced-goals --change_goal_immediately --epi 10 -n 8 --spec m2loop3 --planner diffusion --diffusion-method edm --wandb-run-id qkmvppvt --use_batched_sampling --num_candidates 8,--path ./pretrained/DubinsCar/gcbf+/ --area-size 6 --obs 0 --nojit-rollout --spec-len 15 --goal-sample-interval 20 --async-planner --ignore-on-finish --no-video --log --wandb-log --random-goals --traced-goals --change_goal_immediately --epi 10 -n 8 --spec m2loop3 --wandb-tags random-loc-grid-a6 edm-baseline edm-bo8 --planner diffusion --diffusion-method edm --wandb-run-id qkmvppvt --use_batched_sampling --num_candidates 8,_repro_hnt9fp7p,10,3000.0,6,15,first1,edm,False,True,,greedy,,96.25,8.00390529679106,100.0,0.0,0.9625000357627868,0.08003905415534973,1486.3929443359375,175.88388061523438,0.7624,0.2188,,,
random_loc,m2loop3,Loop,8,STLPY-SA,bar,random_loc,yes,99lj2g6v,gcbfplus-stl-test,https://wandb.ai/csbric/gcbfplus-stl-test/runs/99lj2g6v,8499d431,2026-07-05,workstation,,--path ./pretrained/DubinsCar/gcbf+/ --area-size 6 --obs 0 --nojit-rollout --spec-len 15 --goal-sample-interval 20 --async-planner --ignore-on-finish --no-video --log --random-goals --traced-goals --change_goal_immediately --epi 10 -n 8 --spec m2loop3 --planner stlpy,--path ./pretrained/DubinsCar/gcbf+/ --area-size 6 --obs 0 --nojit-rollout --spec-len 15 --goal-sample-interval 20 --async-planner --ignore-on-finish --no-video --log --wandb-log --random-goals --traced-goals --change_goal_immediately --epi 10 -n 8 --spec m2loop3 --wandb-tags random-loc-grid-a6 --planner stlpy,_repro_99lj2g6v,10,3000.0,6,15,first1,edm-ma,False,False,,greedy,,88.75,11.792476415070755,98.75,3.75,0.9000000357627869,0.12247448414564133,863.2452392578125,86.4579086303711,21.8585,1.1879,,,
random_loc,m2loop3,Loop,8,Gradient,bar,random_loc,no-code,6kw8qsda,diff-mastl-test,https://wandb.ai/csbric/diff-mastl-test/runs/6kw8qsda,0274dda0,2026-07-06,workstation,,--path ./pretrained/DubinsCar/gcbf+/ --epi 5 --area-size 6 --obs 0 --seed 1234 --nojit-rollout --spec-len 30 --goal-sample-interval 20 --async-planner --ignore-on-finish --no-video --log -n 8 --spec m2loop3 --planner ce_nl --random-goals,--path pretrained/DubinsCar/gcbf+/ --epi 5 --area-size 6 --obs 0 --seed 1234 --nojit-rollout --spec-len 30 --goal-sample-interval 20 --async-planner --ignore-on-finish --no-video --log --wandb-log -n 8 --spec m2loop3 --planner ce_nl --random-goals,_repro_6kw8qsda,5,4200.0,6,30,first1,edm-ma,False,False,,,,37.5,29.58039891549808,97.5,5.0,0.375,0.2958039939403534,1543.6785888671875,90.3964614868164,48.3513,5.5485,,,not re-run: ce_nl planner is not in the pinned code (unpublished commit 0274dda0); plot_reproduced.py uses the ref_* values
random_loc,m2loop3,Loop,16,DIFF-MA,bar,random_loc,yes,6gfjzl0m,gcbfplus-stl-test,https://wandb.ai/csbric/gcbfplus-stl-test/runs/6gfjzl0m,8499d431,2026-07-05,workstation,,--path ./pretrained/DubinsCar/gcbf+/ --area-size 6 --obs 0 --nojit-rollout --spec-len 15 --goal-sample-interval 20 --async-planner --ignore-on-finish --no-video --log --random-goals --traced-goals --change_goal_immediately --epi 10 -n 16 --spec m2loop3 --planner diffusion --diffusion-method edm-ma --wandb-run-id qkmvppvt --num_candidates 8,--path ./pretrained/DubinsCar/gcbf+/ --area-size 6 --obs 0 --nojit-rollout --spec-len 15 --goal-sample-interval 20 --async-planner --ignore-on-finish --no-video --log --wandb-log --random-goals --traced-goals --change_goal_immediately --epi 10 -n 16 --spec m2loop3 --wandb-tags random-loc-grid-a6 --planner diffusion --diffusion-method edm-ma --wandb-run-id qkmvppvt --num_candidates 8,_repro_6gfjzl0m,10,3600.0,6,15,first1,edm-ma,False,False,,greedy,,91.875,6.874999999999999,100.0,0.0,0.918749988079071,0.06875000149011612,1679.2301025390625,101.458251953125,0.377,0.1429,,,
random_loc,m2loop3,Loop,16,DIFF-SA,bar,random_loc,yes,o83xwls7,gcbfplus-stl-test,https://wandb.ai/csbric/gcbfplus-stl-test/runs/o83xwls7,8499d431,2026-07-06,workstation,,--path ./pretrained/DubinsCar/gcbf+/ --area-size 6 --obs 0 --nojit-rollout --spec-len 15 --goal-sample-interval 20 --async-planner --ignore-on-finish --no-video --log --random-goals --traced-goals --change_goal_immediately --epi 10 -n 16 --spec m2loop3 --planner diffusion --diffusion-method edm --wandb-run-id qkmvppvt --use_batched_sampling --num_candidates 8,--path ./pretrained/DubinsCar/gcbf+/ --area-size 6 --obs 0 --nojit-rollout --spec-len 15 --goal-sample-interval 20 --async-planner --ignore-on-finish --no-video --log --wandb-log --random-goals --traced-goals --change_goal_immediately --epi 10 -n 16 --spec m2loop3 --wandb-tags random-loc-grid-a6 edm-baseline edm-bo8 --planner diffusion --diffusion-method edm --wandb-run-id qkmvppvt --use_batched_sampling --num_candidates 8,_repro_o83xwls7,10,3600.0,6,15,first1,edm,False,True,,greedy,,92.5,8.2915619758885,96.25,5.0,0.9625000357627868,0.05000000074505806,1676.9547119140625,152.4727020263672,1.1064,0.4012,,,
random_loc,m2loop3,Loop,16,STLPY-SA,bar,random_loc,yes,woart9ay,gcbfplus-stl-test,https://wandb.ai/csbric/gcbfplus-stl-test/runs/woart9ay,8499d431,2026-07-05,workstation,,--path ./pretrained/DubinsCar/gcbf+/ --area-size 6 --obs 0 --nojit-rollout --spec-len 15 --goal-sample-interval 20 --async-planner --ignore-on-finish --no-video --log --random-goals --traced-goals --change_goal_immediately --epi 10 -n 16 --spec m2loop3 --planner stlpy,--path ./pretrained/DubinsCar/gcbf+/ --area-size 6 --obs 0 --nojit-rollout --spec-len 15 --goal-sample-interval 20 --async-planner --ignore-on-finish --no-video --log --wandb-log --random-goals --traced-goals --change_goal_immediately --epi 10 -n 16 --spec m2loop3 --wandb-tags random-loc-grid-a6 --planner stlpy,_repro_woart9ay,10,3600.0,6,15,first1,edm-ma,False,False,,greedy,,76.25,10.0,85.0,8.926785535678562,0.912500023841858,0.06959705799818039,1039.4810791015625,99.0779800415039,44.8086,1.837,,,
random_loc,m2loop3,Loop,16,Gradient,bar,random_loc,no-code,zo1nv2df,diff-mastl-test,https://wandb.ai/csbric/diff-mastl-test/runs/zo1nv2df,0274dda0,2026-07-06,workstation,,--path ./pretrained/DubinsCar/gcbf+/ --epi 5 --area-size 6 --obs 0 --seed 1234 --nojit-rollout --spec-len 30 --goal-sample-interval 20 --async-planner --ignore-on-finish --no-video --log -n 16 --spec m2loop3 --planner ce_nl --random-goals,--path pretrained/DubinsCar/gcbf+/ --epi 5 --area-size 6 --obs 0 --seed 1234 --nojit-rollout --spec-len 30 --goal-sample-interval 20 --async-planner --ignore-on-finish --no-video --log --wandb-log -n 16 --spec m2loop3 --planner ce_nl --random-goals,_repro_zo1nv2df,5,4200.0,6,30,first1,edm-ma,False,False,,,,27.500000000000004,22.569337606584735,96.25,5.0,0.30000001192092896,0.27214425802230835,1777.666748046875,85.41566467285156,103.3536,16.6599,,,not re-run: ce_nl planner is not in the pinned code (unpublished commit 0274dda0); plot_reproduced.py uses the ref_* values
random_loc,m2loop3,Loop,32,DIFF-MA,bar,random_loc,yes,moecj314,gcbfplus-stl-test,https://wandb.ai/csbric/gcbfplus-stl-test/runs/moecj314,8499d431,2026-07-05,workstation,,--path ./pretrained/DubinsCar/gcbf+/ --area-size 6 --obs 0 --nojit-rollout --spec-len 15 --goal-sample-interval 20 --async-planner --ignore-on-finish --no-video --log --random-goals --traced-goals --change_goal_immediately --epi 10 -n 32 --spec m2loop3 --planner diffusion --diffusion-method edm-ma --wandb-run-id qkmvppvt --num_candidates 8,--path ./pretrained/DubinsCar/gcbf+/ --area-size 6 --obs 0 --nojit-rollout --spec-len 15 --goal-sample-interval 20 --async-planner --ignore-on-finish --no-video --log --wandb-log --random-goals --traced-goals --change_goal_immediately --epi 10 -n 32 --spec m2loop3 --wandb-tags random-loc-grid-a6 --planner diffusion --diffusion-method edm-ma --wandb-run-id qkmvppvt --num_candidates 8,_repro_moecj314,10,4800.0,6,15,first1,edm-ma,False,False,,greedy,,80.9375,6.9104201210924945,91.875,4.463392767839281,0.8843750357627869,0.05770682543516159,2106.557373046875,133.409912109375,0.4484,0.1567,,,
random_loc,m2loop3,Loop,32,DIFF-SA,bar,random_loc,yes,f8uowczc,gcbfplus-stl-test,https://wandb.ai/csbric/gcbfplus-stl-test/runs/f8uowczc,8499d431,2026-07-06,workstation,,--path ./pretrained/DubinsCar/gcbf+/ --area-size 6 --obs 0 --nojit-rollout --spec-len 15 --goal-sample-interval 20 --async-planner --ignore-on-finish --no-video --log --random-goals --traced-goals --change_goal_immediately --epi 10 -n 32 --spec m2loop3 --planner diffusion --diffusion-method edm --wandb-run-id qkmvppvt --use_batched_sampling --num_candidates 8,--path ./pretrained/DubinsCar/gcbf+/ --area-size 6 --obs 0 --nojit-rollout --spec-len 15 --goal-sample-interval 20 --async-planner --ignore-on-finish --no-video --log --wandb-log --random-goals --traced-goals --change_goal_immediately --epi 10 -n 32 --spec m2loop3 --wandb-tags random-loc-grid-a6 edm-baseline edm-bo8 --planner diffusion --diffusion-method edm --wandb-run-id qkmvppvt --use_batched_sampling --num_candidates 8,_repro_f8uowczc,10,4800.0,6,15,first1,edm,False,True,,greedy,,74.6875,13.06907729145405,75.3125,13.291356448835462,0.990625023841858,0.014320549555122852,2266.6875,204.81358337402344,1.4377,0.5305,,,
random_loc,m2loop3,Loop,32,STLPY-SA,bar,random_loc,yes,fyihbk9q,gcbfplus-stl-test,https://wandb.ai/csbric/gcbfplus-stl-test/runs/fyihbk9q,8499d431,2026-07-05,workstation,,--path ./pretrained/DubinsCar/gcbf+/ --area-size 6 --obs 0 --nojit-rollout --spec-len 15 --goal-sample-interval 20 --async-planner --ignore-on-finish --no-video --log --random-goals --traced-goals --change_goal_immediately --epi 10 -n 32 --spec m2loop3 --planner stlpy,--path ./pretrained/DubinsCar/gcbf+/ --area-size 6 --obs 0 --nojit-rollout --spec-len 15 --goal-sample-interval 20 --async-planner --ignore-on-finish --no-video --log --wandb-log --random-goals --traced-goals --change_goal_immediately --epi 10 -n 32 --spec m2loop3 --wandb-tags random-loc-grid-a6 --planner stlpy,_repro_fyihbk9q,10,4800.0,6,15,first1,edm-ma,False,False,,greedy,,52.1875,17.289470242028816,57.1875,17.569615996088245,0.940625011920929,0.04517760127782822,1453.8358154296875,192.4295959472656,88.9026,2.0256,,,
random_loc,m2loop3,Loop,32,Gradient,bar,random_loc,no-code,nvnc5yu7,diff-mastl-test,https://wandb.ai/csbric/diff-mastl-test/runs/nvnc5yu7,0274dda0,2026-07-06,workstation,,--path ./pretrained/DubinsCar/gcbf+/ --epi 5 --area-size 6 --obs 0 --seed 1234 --nojit-rollout --spec-len 30 --goal-sample-interval 20 --async-planner --ignore-on-finish --no-video --log -n 32 --spec m2loop3 --planner ce_nl --random-goals,--path pretrained/DubinsCar/gcbf+/ --epi 5 --area-size 6 --obs 0 --seed 1234 --nojit-rollout --spec-len 30 --goal-sample-interval 20 --async-planner --ignore-on-finish --no-video --log --wandb-log -n 32 --spec m2loop3 --planner ce_nl --random-goals,_repro_nvnc5yu7,5,4200.0,6,30,first1,edm-ma,False,False,,,,11.25,7.551903733496608,54.37499999999999,20.406034646643135,0.3062500059604645,0.2980404794216156,2214.0400390625,255.26364135742188,193.1373,28.4215,,,not re-run: ce_nl planner is not in the pinned code (unpublished commit 0274dda0); plot_reproduced.py uses the ref_* values
random_loc,mseq3-m2branch2-mcover3-m2loop3-m2signal3,Mixed,8,DIFF-MA,bar,random_loc,yes,qz4o75na,gcbfplus-stl-test,https://wandb.ai/csbric/gcbfplus-stl-test/runs/qz4o75na,8499d431,2026-07-05,workstation,,--path ./pretrained/DubinsCar/gcbf+/ --area-size 6 --obs 0 --nojit-rollout --spec-len 15 --goal-sample-interval 20 --async-planner --ignore-on-finish --no-video --log --random-goals --traced-goals --change_goal_immediately --epi 10 -n 8 --spec mseq3-m2branch2-mcover3-m2loop3-m2signal3 --planner diffusion --diffusion-method edm-ma --wandb-run-id qkmvppvt --num_candidates 8 --achievable_guidance,--path ./pretrained/DubinsCar/gcbf+/ --area-size 6 --obs 0 --nojit-rollout --spec-len 15 --goal-sample-interval 20 --async-planner --ignore-on-finish --no-video --log --wandb-log --random-goals --traced-goals --change_goal_immediately --epi 10 -n 8 --spec mseq3-m2branch2-mcover3-m2loop3-m2signal3 --wandb-tags random-loc-grid-a6 --planner diffusion --diffusion-method edm-ma --wandb-run-id qkmvppvt --num_candidates 8 --achievable_guidance,_repro_qz4o75na,10,4800.0,6,15,first1,edm-ma,True,False,,greedy,,93.75,6.25,100.0,0.0,0.9375,0.0625,1366.0714111328125,54.74005889892578,3.3759,1.4946,,,
random_loc,mseq3-m2branch2-mcover3-m2loop3-m2signal3,Mixed,8,DIFF-SA,bar,random_loc,yes,e45b3cnb,gcbfplus-stl-test,https://wandb.ai/csbric/gcbfplus-stl-test/runs/e45b3cnb,8499d431,2026-07-06,workstation,,--path ./pretrained/DubinsCar/gcbf+/ --area-size 6 --obs 0 --nojit-rollout --spec-len 15 --goal-sample-interval 20 --async-planner --ignore-on-finish --no-video --log --random-goals --traced-goals --change_goal_immediately --epi 10 -n 8 --spec mseq3-m2branch2-mcover3-m2loop3-m2signal3 --planner diffusion --diffusion-method edm --wandb-run-id qkmvppvt,--path ./pretrained/DubinsCar/gcbf+/ --area-size 6 --obs 0 --nojit-rollout --spec-len 15 --goal-sample-interval 20 --async-planner --ignore-on-finish --no-video --log --wandb-log --random-goals --traced-goals --change_goal_immediately --epi 10 -n 8 --spec mseq3-m2branch2-mcover3-m2loop3-m2signal3 --wandb-tags random-loc-grid-a6 edm-baseline --planner diffusion --diffusion-method edm --wandb-run-id qkmvppvt,_repro_e45b3cnb,10,4800.0,6,15,first1,edm,False,False,,greedy,,93.75,6.25,98.75,3.75,0.949999988079071,0.06123724579811096,1359.5238037109375,230.50015258789065,0.6886,0.3809,,,
random_loc,mseq3-m2branch2-mcover3-m2loop3-m2signal3,Mixed,8,STLPY-SA,bar,random_loc,yes,s4jdy6i3,gcbfplus-stl-test,https://wandb.ai/csbric/gcbfplus-stl-test/runs/s4jdy6i3,8499d431,2026-07-05,workstation,,--path ./pretrained/DubinsCar/gcbf+/ --area-size 6 --obs 0 --nojit-rollout --spec-len 15 --goal-sample-interval 20 --async-planner --ignore-on-finish --no-video --log --random-goals --traced-goals --change_goal_immediately --epi 10 -n 8 --spec mseq3-m2branch2-mcover3-m2loop3-m2signal3 --planner stlpy,--path ./pretrained/DubinsCar/gcbf+/ --area-size 6 --obs 0 --nojit-rollout --spec-len 15 --goal-sample-interval 20 --async-planner --ignore-on-finish --no-video --log --wandb-log --random-goals --traced-goals --change_goal_immediately --epi 10 -n 8 --spec mseq3-m2branch2-mcover3-m2loop3-m2signal3 --wandb-tags random-loc-grid-a6 --planner stlpy,_repro_s4jdy6i3,10,4800.0,6,15,first1,edm-ma,False,False,,greedy,,81.25,15.05199322349037,96.25,8.00390529679106,0.8375000357627869,0.13750000298023224,816.5357666015625,178.1012420654297,12.8842,0.7142,,,
random_loc,mseq3-m2branch2-mcover3-m2loop3-m2signal3,Mixed,8,Gradient,bar,random_loc,no-code,po5yuceo,diff-mastl-test,https://wandb.ai/csbric/diff-mastl-test/runs/po5yuceo,0274dda0,2026-07-06,workstation,,--path ./pretrained/DubinsCar/gcbf+/ --epi 5 --area-size 6 --obs 0 --seed 1234 --nojit-rollout --spec-len 30 --goal-sample-interval 20 --async-planner --ignore-on-finish --no-video --log -n 8 --spec mseq3-m2branch2-mcover3-m2loop3-m2signal3 --planner ce_nl --random-goals,--path pretrained/DubinsCar/gcbf+/ --epi 5 --area-size 6 --obs 0 --seed 1234 --nojit-rollout --spec-len 30 --goal-sample-interval 20 --async-planner --ignore-on-finish --no-video --log --wandb-log -n 8 --spec mseq3-m2branch2-mcover3-m2loop3-m2signal3 --planner ce_nl --random-goals,_repro_po5yuceo,5,4200.0,6,30,first1,edm-ma,False,False,,,,17.5,10.0,100.0,0.0,0.17499999701976776,0.10000000149011612,1563.5,199.2956390380859,28.6966,9.7692,,,not re-run: ce_nl planner is not in the pinned code (unpublished commit 0274dda0); plot_reproduced.py uses the ref_* values
random_loc,mseq3-m2branch2-mcover3-m2loop3-m2signal3,Mixed,16,DIFF-MA,bar,random_loc,yes,k2ccm9wx,gcbfplus-stl-test,https://wandb.ai/csbric/gcbfplus-stl-test/runs/k2ccm9wx,8499d431,2026-07-05,workstation,,--path ./pretrained/DubinsCar/gcbf+/ --area-size 6 --obs 0 --nojit-rollout --spec-len 15 --goal-sample-interval 20 --async-planner --ignore-on-finish --no-video --log --random-goals --traced-goals --change_goal_immediately --epi 10 -n 16 --spec mseq3-m2branch2-mcover3-m2loop3-m2signal3 --planner diffusion --diffusion-method edm-ma --wandb-run-id qkmvppvt --num_candidates 8 --achievable_guidance,--path ./pretrained/DubinsCar/gcbf+/ --area-size 6 --obs 0 --nojit-rollout --spec-len 15 --goal-sample-interval 20 --async-planner --ignore-on-finish --no-video --log --wandb-log --random-goals --traced-goals --change_goal_immediately --epi 10 -n 16 --spec mseq3-m2branch2-mcover3-m2loop3-m2signal3 --wandb-tags random-loc-grid-a6 --planner diffusion --diffusion-method edm-ma --wandb-run-id qkmvppvt --num_candidates 8 --achievable_guidance,_repro_k2ccm9wx,10,4800.0,6,15,first1,edm-ma,True,False,,greedy,,95.625,4.00195264839553,99.375,1.875,0.9625000357627868,0.03061862103641033,1563.38330078125,131.9698944091797,6.5659,3.0039,,,
random_loc,mseq3-m2branch2-mcover3-m2loop3-m2signal3,Mixed,16,DIFF-SA,bar,random_loc,yes,9p02s9ip,gcbfplus-stl-test,https://wandb.ai/csbric/gcbfplus-stl-test/runs/9p02s9ip,8499d431,2026-07-06,workstation,,--path ./pretrained/DubinsCar/gcbf+/ --area-size 6 --obs 0 --nojit-rollout --spec-len 15 --goal-sample-interval 20 --async-planner --ignore-on-finish --no-video --log --random-goals --traced-goals --change_goal_immediately --epi 10 -n 16 --spec mseq3-m2branch2-mcover3-m2loop3-m2signal3 --planner diffusion --diffusion-method edm --wandb-run-id qkmvppvt,--path ./pretrained/DubinsCar/gcbf+/ --area-size 6 --obs 0 --nojit-rollout --spec-len 15 --goal-sample-interval 20 --async-planner --ignore-on-finish --no-video --log --wandb-log --random-goals --traced-goals --change_goal_immediately --epi 10 -n 16 --spec mseq3-m2branch2-mcover3-m2loop3-m2signal3 --wandb-tags random-loc-grid-a6 edm-baseline --planner diffusion --diffusion-method edm --wandb-run-id qkmvppvt,_repro_9p02s9ip,10,4800.0,6,15,first1,edm,False,False,,greedy,,85.625,11.197795541980573,91.875,11.875,0.9312500357627868,0.03365728259086609,1515.51904296875,237.3885498046875,0.9278,0.4681,,,
random_loc,mseq3-m2branch2-mcover3-m2loop3-m2signal3,Mixed,16,STLPY-SA,bar,random_loc,yes,9cvow5t8,gcbfplus-stl-test,https://wandb.ai/csbric/gcbfplus-stl-test/runs/9cvow5t8,8499d431,2026-07-05,workstation,,--path ./pretrained/DubinsCar/gcbf+/ --area-size 6 --obs 0 --nojit-rollout --spec-len 15 --goal-sample-interval 20 --async-planner --ignore-on-finish --no-video --log --random-goals --traced-goals --change_goal_immediately --epi 10 -n 16 --spec mseq3-m2branch2-mcover3-m2loop3-m2signal3 --planner stlpy,--path ./pretrained/DubinsCar/gcbf+/ --area-size 6 --obs 0 --nojit-rollout --spec-len 15 --goal-sample-interval 20 --async-planner --ignore-on-finish --no-video --log --wandb-log --random-goals --traced-goals --change_goal_immediately --epi 10 -n 16 --spec mseq3-m2branch2-mcover3-m2loop3-m2signal3 --wandb-tags random-loc-grid-a6 --planner stlpy,_repro_9cvow5t8,10,4800.0,6,15,first1,edm-ma,False,False,,greedy,,83.125,8.860904299223641,94.375,4.375,0.875,0.08385255187749863,825.83447265625,104.05284118652344,25.6645,1.0546,,,
random_loc,mseq3-m2branch2-mcover3-m2loop3-m2signal3,Mixed,16,Gradient,bar,random_loc,no-code,vdbub9zk,diff-mastl-test,https://wandb.ai/csbric/diff-mastl-test/runs/vdbub9zk,0274dda0,2026-07-06,workstation,,--path ./pretrained/DubinsCar/gcbf+/ --epi 5 --area-size 6 --obs 0 --seed 1234 --nojit-rollout --spec-len 30 --goal-sample-interval 20 --async-planner --ignore-on-finish --no-video --log -n 16 --spec mseq3-m2branch2-mcover3-m2loop3-m2signal3 --planner ce_nl --random-goals,--path pretrained/DubinsCar/gcbf+/ --epi 5 --area-size 6 --obs 0 --seed 1234 --nojit-rollout --spec-len 30 --goal-sample-interval 20 --async-planner --ignore-on-finish --no-video --log --wandb-log -n 16 --spec mseq3-m2branch2-mcover3-m2loop3-m2signal3 --planner ce_nl --random-goals,_repro_vdbub9zk,5,4200.0,6,30,first1,edm-ma,False,False,,,,13.750000000000002,8.2915619758885,97.5,5.0,0.16250000894069672,0.1089724749326706,1706.5,57.712650299072266,63.2058,16.9794,,,not re-run: ce_nl planner is not in the pinned code (unpublished commit 0274dda0); plot_reproduced.py uses the ref_* values
random_loc,mseq3-m2branch2-mcover3-m2loop3-m2signal3,Mixed,32,DIFF-MA,bar,random_loc,yes,5dk37krr,gcbfplus-stl-test,https://wandb.ai/csbric/gcbfplus-stl-test/runs/5dk37krr,8499d431,2026-07-05,workstation,,--path ./pretrained/DubinsCar/gcbf+/ --area-size 6 --obs 0 --nojit-rollout --spec-len 15 --goal-sample-interval 20 --async-planner --ignore-on-finish --no-video --log --random-goals --traced-goals --change_goal_immediately --epi 10 -n 32 --spec mseq3-m2branch2-mcover3-m2loop3-m2signal3 --planner diffusion --diffusion-method edm-ma --wandb-run-id qkmvppvt --num_candidates 8,--path ./pretrained/DubinsCar/gcbf+/ --area-size 6 --obs 0 --nojit-rollout --spec-len 15 --goal-sample-interval 20 --async-planner --ignore-on-finish --no-video --log --wandb-log --random-goals --traced-goals --change_goal_immediately --epi 10 -n 32 --spec mseq3-m2branch2-mcover3-m2loop3-m2signal3 --wandb-tags random-loc-grid-a6 --planner diffusion --diffusion-method edm-ma --wandb-run-id qkmvppvt --num_candidates 8,_repro_5dk37krr,10,4800.0,6,15,first1,edm-ma,False,False,,greedy,,85.625,7.0156076002011405,89.6875,8.15499271918743,0.9468750357627868,0.04430451989173889,1891.4605712890625,112.38007354736328,1.039,0.3384,,,
random_loc,mseq3-m2branch2-mcover3-m2loop3-m2signal3,Mixed,32,DIFF-SA,bar,random_loc,yes,zfckgoch,gcbfplus-stl-test,https://wandb.ai/csbric/gcbfplus-stl-test/runs/zfckgoch,8499d431,2026-07-06,workstation,,--path ./pretrained/DubinsCar/gcbf+/ --area-size 6 --obs 0 --nojit-rollout --spec-len 15 --goal-sample-interval 20 --async-planner --ignore-on-finish --no-video --log --random-goals --traced-goals --change_goal_immediately --epi 10 -n 32 --spec mseq3-m2branch2-mcover3-m2loop3-m2signal3 --planner diffusion --diffusion-method edm --wandb-run-id qkmvppvt,--path ./pretrained/DubinsCar/gcbf+/ --area-size 6 --obs 0 --nojit-rollout --spec-len 15 --goal-sample-interval 20 --async-planner --ignore-on-finish --no-video --log --wandb-log --random-goals --traced-goals --change_goal_immediately --epi 10 -n 32 --spec mseq3-m2branch2-mcover3-m2loop3-m2signal3 --wandb-tags random-loc-grid-a6 edm-baseline --planner diffusion --diffusion-method edm --wandb-run-id qkmvppvt,_repro_zfckgoch,10,4800.0,6,15,first1,edm,False,False,,greedy,,72.1875,11.132195706598049,76.875,12.51561524656299,0.925000011920929,0.048814062029123306,1800.270751953125,204.69384765625,1.2002,0.6142,,,
random_loc,mseq3-m2branch2-mcover3-m2loop3-m2signal3,Mixed,32,STLPY-SA,bar,random_loc,yes,f3ajsd2t,gcbfplus-stl-test,https://wandb.ai/csbric/gcbfplus-stl-test/runs/f3ajsd2t,8499d431,2026-07-05,workstation,,--path ./pretrained/DubinsCar/gcbf+/ --area-size 6 --obs 0 --nojit-rollout --spec-len 15 --goal-sample-interval 20 --async-planner --ignore-on-finish --no-video --log --random-goals --traced-goals --change_goal_immediately --epi 10 -n 32 --spec mseq3-m2branch2-mcover3-m2loop3-m2signal3 --planner stlpy,--path ./pretrained/DubinsCar/gcbf+/ --area-size 6 --obs 0 --nojit-rollout --spec-len 15 --goal-sample-interval 20 --async-planner --ignore-on-finish --no-video --log --wandb-log --random-goals --traced-goals --change_goal_immediately --epi 10 -n 32 --spec mseq3-m2branch2-mcover3-m2loop3-m2signal3 --wandb-tags random-loc-grid-a6 --planner stlpy,_repro_f3ajsd2t,10,4800.0,6,15,first1,edm-ma,False,False,,greedy,,59.68750000000001,16.38465841114791,66.875,19.575574704207284,0.8812500238418579,0.08592329919338226,1147.0491943359375,197.97813415527344,48.2922,2.7975,,,
random_loc,mseq3-m2branch2-mcover3-m2loop3-m2signal3,Mixed,32,Gradient,bar,random_loc,no-code,abrttvsv,diff-mastl-test,https://wandb.ai/csbric/diff-mastl-test/runs/abrttvsv,0274dda0,2026-07-06,workstation,,--path ./pretrained/DubinsCar/gcbf+/ --epi 5 --area-size 6 --obs 0 --seed 1234 --nojit-rollout --spec-len 30 --goal-sample-interval 20 --async-planner --ignore-on-finish --no-video --log -n 32 --spec mseq3-m2branch2-mcover3-m2loop3-m2signal3 --planner ce_nl --random-goals,--path pretrained/DubinsCar/gcbf+/ --epi 5 --area-size 6 --obs 0 --seed 1234 --nojit-rollout --spec-len 30 --goal-sample-interval 20 --async-planner --ignore-on-finish --no-video --log --wandb-log -n 32 --spec mseq3-m2branch2-mcover3-m2loop3-m2signal3 --planner ce_nl --random-goals,_repro_abrttvsv,5,4200.0,6,30,first1,edm-ma,False,False,,,,8.75,4.592793267718459,65.625,21.650635094610966,0.18125000596046448,0.1430690437555313,1881.7261962890625,334.115966796875,124.5279,25.595,,,not re-run: ce_nl planner is not in the pinned code (unpublished commit 0274dda0); plot_reproduced.py uses the ref_* values
random_loc,mseq3,Seq.,8,DIFF-MA,bar,random_loc,yes,gci4sbww,gcbfplus-stl-test,https://wandb.ai/csbric/gcbfplus-stl-test/runs/gci4sbww,8499d431,2026-07-05,workstation,,--path ./pretrained/DubinsCar/gcbf+/ --area-size 6 --obs 0 --nojit-rollout --spec-len 15 --goal-sample-interval 20 --async-planner --ignore-on-finish --no-video --log --random-goals --traced-goals --change_goal_immediately --epi 10 -n 8 --spec mseq3 --planner diffusion --diffusion-method edm-ma --wandb-run-id qkmvppvt --num_candidates 8,--path ./pretrained/DubinsCar/gcbf+/ --area-size 6 --obs 0 --nojit-rollout --spec-len 15 --goal-sample-interval 20 --async-planner --ignore-on-finish --no-video --log --wandb-log --random-goals --traced-goals --change_goal_immediately --epi 10 -n 8 --spec mseq3 --wandb-tags random-loc-grid-a6 --planner diffusion --diffusion-method edm-ma --wandb-run-id qkmvppvt --num_candidates 8,_repro_gci4sbww,10,2400.0,6,15,first1,edm-ma,False,False,,greedy,,100.0,0.0,100.0,0.0,1.0,0.0,1416.25,65.02355194091797,0.1692,0.0031,,,
random_loc,mseq3,Seq.,8,DIFF-SA,bar,random_loc,yes,rehbuox2,gcbfplus-stl-test,https://wandb.ai/csbric/gcbfplus-stl-test/runs/rehbuox2,8499d431,2026-07-06,workstation,,--path ./pretrained/DubinsCar/gcbf+/ --area-size 6 --obs 0 --nojit-rollout --spec-len 15 --goal-sample-interval 20 --async-planner --ignore-on-finish --no-video --log --random-goals --traced-goals --change_goal_immediately --epi 10 -n 8 --spec mseq3 --planner diffusion --diffusion-method edm --wandb-run-id qkmvppvt --use_batched_sampling --num_candidates 8,--path ./pretrained/DubinsCar/gcbf+/ --area-size 6 --obs 0 --nojit-rollout --spec-len 15 --goal-sample-interval 20 --async-planner --ignore-on-finish --no-video --log --wandb-log --random-goals --traced-goals --change_goal_immediately --epi 10 -n 8 --spec mseq3 --wandb-tags random-loc-grid-a6 edm-baseline edm-bo8 --planner diffusion --diffusion-method edm --wandb-run-id qkmvppvt --use_batched_sampling --num_candidates 8,_repro_rehbuox2,10,2400.0,6,15,first1,edm,False,True,,greedy,,97.5,5.0,100.0,0.0,0.975000023841858,0.05000000074505806,1342.7857666015625,114.97415924072266,0.326,0.1222,,,
random_loc,mseq3,Seq.,8,STLPY-SA,bar,random_loc,yes,u4qpq6ki,gcbfplus-stl-test,https://wandb.ai/csbric/gcbfplus-stl-test/runs/u4qpq6ki,8499d431,2026-07-05,workstation,,--path ./pretrained/DubinsCar/gcbf+/ --area-size 6 --obs 0 --nojit-rollout --spec-len 15 --goal-sample-interval 20 --async-planner --ignore-on-finish --no-video --log --random-goals --traced-goals --change_goal_immediately --epi 10 -n 8 --spec mseq3 --planner stlpy,--path ./pretrained/DubinsCar/gcbf+/ --area-size 6 --obs 0 --nojit-rollout --spec-len 15 --goal-sample-interval 20 --async-planner --ignore-on-finish --no-video --log --wandb-log --random-goals --traced-goals --change_goal_immediately --epi 10 -n 8 --spec mseq3 --wandb-tags random-loc-grid-a6 --planner stlpy,_repro_u4qpq6ki,10,2400.0,6,15,first1,edm-ma,False,False,,greedy,,90.0,10.897247358851684,100.0,0.0,0.9000000357627869,0.10897246748209,721.9786376953125,73.91554260253906,3.8506,0.0559,,,
random_loc,mseq3,Seq.,8,Gradient,bar,random_loc,no-code,kgag2zu3,diff-mastl-test,https://wandb.ai/csbric/diff-mastl-test/runs/kgag2zu3,0274dda0,2026-07-06,workstation,,--path ./pretrained/DubinsCar/gcbf+/ --epi 5 --area-size 6 --obs 0 --seed 1234 --nojit-rollout --spec-len 30 --goal-sample-interval 20 --async-planner --ignore-on-finish --no-video --log -n 8 --spec mseq3 --planner ce_nl --random-goals,--path pretrained/DubinsCar/gcbf+/ --epi 5 --area-size 6 --obs 0 --seed 1234 --nojit-rollout --spec-len 30 --goal-sample-interval 20 --async-planner --ignore-on-finish --no-video --log --wandb-log -n 8 --spec mseq3 --planner ce_nl --random-goals,_repro_kgag2zu3,5,4200.0,6,30,first1,edm-ma,False,False,,,,25.0,38.72983346207417,100.0,0.0,0.25,0.3872983455657959,1256.0,25.0,15.4358,1.4014,,,not re-run: ce_nl planner is not in the pinned code (unpublished commit 0274dda0); plot_reproduced.py uses the ref_* values
random_loc,mseq3,Seq.,16,DIFF-MA,bar,random_loc,yes,pmi5efkk,gcbfplus-stl-test,https://wandb.ai/csbric/gcbfplus-stl-test/runs/pmi5efkk,8499d431,2026-07-05,workstation,,--path ./pretrained/DubinsCar/gcbf+/ --area-size 6 --obs 0 --nojit-rollout --spec-len 15 --goal-sample-interval 20 --async-planner --ignore-on-finish --no-video --log --random-goals --traced-goals --change_goal_immediately --epi 10 -n 16 --spec mseq3 --planner diffusion --diffusion-method edm-ma --wandb-run-id qkmvppvt --num_candidates 8,--path ./pretrained/DubinsCar/gcbf+/ --area-size 6 --obs 0 --nojit-rollout --spec-len 15 --goal-sample-interval 20 --async-planner --ignore-on-finish --no-video --log --wandb-log --random-goals --traced-goals --change_goal_immediately --epi 10 -n 16 --spec mseq3 --wandb-tags random-loc-grid-a6 --planner diffusion --diffusion-method edm-ma --wandb-run-id qkmvppvt --num_candidates 8,_repro_pmi5efkk,10,2700.0,6,15,first1,edm-ma,False,False,,greedy,,100.0,0.0,100.0,0.0,1.0,0.0,1522.0,46.07670211791992,0.1844,0.0465,,,
random_loc,mseq3,Seq.,16,DIFF-SA,bar,random_loc,yes,jg4at8e3,gcbfplus-stl-test,https://wandb.ai/csbric/gcbfplus-stl-test/runs/jg4at8e3,8499d431,2026-07-06,workstation,,--path ./pretrained/DubinsCar/gcbf+/ --area-size 6 --obs 0 --nojit-rollout --spec-len 15 --goal-sample-interval 20 --async-planner --ignore-on-finish --no-video --log --random-goals --traced-goals --change_goal_immediately --epi 10 -n 16 --spec mseq3 --planner diffusion --diffusion-method edm --wandb-run-id qkmvppvt --use_batched_sampling --num_candidates 8,--path ./pretrained/DubinsCar/gcbf+/ --area-size 6 --obs 0 --nojit-rollout --spec-len 15 --goal-sample-interval 20 --async-planner --ignore-on-finish --no-video --log --wandb-log --random-goals --traced-goals --change_goal_immediately --epi 10 -n 16 --spec mseq3 --wandb-tags random-loc-grid-a6 edm-baseline edm-bo8 --planner diffusion --diffusion-method edm --wandb-run-id qkmvppvt --use_batched_sampling --num_candidates 8,_repro_jg4at8e3,10,2700.0,6,15,first1,edm,False,True,,greedy,,98.125,2.8641098093474,99.375,1.875,0.987500011920929,0.02500000037252903,1513.9417724609375,142.39207458496094,0.4334,0.1329,,,
random_loc,mseq3,Seq.,16,STLPY-SA,bar,random_loc,yes,7mkeo51j,gcbfplus-stl-test,https://wandb.ai/csbric/gcbfplus-stl-test/runs/7mkeo51j,8499d431,2026-07-05,workstation,,--path ./pretrained/DubinsCar/gcbf+/ --area-size 6 --obs 0 --nojit-rollout --spec-len 15 --goal-sample-interval 20 --async-planner --ignore-on-finish --no-video --log --random-goals --traced-goals --change_goal_immediately --epi 10 -n 16 --spec mseq3 --planner stlpy,--path ./pretrained/DubinsCar/gcbf+/ --area-size 6 --obs 0 --nojit-rollout --spec-len 15 --goal-sample-interval 20 --async-planner --ignore-on-finish --no-video --log --wandb-log --random-goals --traced-goals --change_goal_immediately --epi 10 -n 16 --spec mseq3 --wandb-tags random-loc-grid-a6 --planner stlpy,_repro_7mkeo51j,10,2700.0,6,15,first1,edm-ma,False,False,,greedy,,84.375,13.184389443580615,95.625,7.9303609627809495,0.887499988079071,0.07806247472763062,774.8516235351562,40.23788833618164,7.5807,0.1527,,,
random_loc,mseq3,Seq.,16,Gradient,bar,random_loc,no-code,5t78ytkj,diff-mastl-test,https://wandb.ai/csbric/diff-mastl-test/runs/5t78ytkj,0274dda0,2026-07-06,workstation,,--path ./pretrained/DubinsCar/gcbf+/ --epi 5 --area-size 6 --obs 0 --seed 1234 --nojit-rollout --spec-len 30 --goal-sample-interval 20 --async-planner --ignore-on-finish --no-video --log -n 16 --spec mseq3 --planner ce_nl --random-goals,--path pretrained/DubinsCar/gcbf+/ --epi 5 --area-size 6 --obs 0 --seed 1234 --nojit-rollout --spec-len 30 --goal-sample-interval 20 --async-planner --ignore-on-finish --no-video --log --wandb-log -n 16 --spec mseq3 --planner ce_nl --random-goals,_repro_5t78ytkj,5,4200.0,6,30,first1,edm-ma,False,False,,,,25.0,30.10398644698074,95.0,6.123724356957946,0.2750000059604645,0.3482097089290619,1404.3333740234375,42.81744384765625,32.71,2.9789,,,not re-run: ce_nl planner is not in the pinned code (unpublished commit 0274dda0); plot_reproduced.py uses the ref_* values
random_loc,mseq3,Seq.,32,DIFF-MA,bar,random_loc,yes,2uty9yp3,gcbfplus-stl-test,https://wandb.ai/csbric/gcbfplus-stl-test/runs/2uty9yp3,8499d431,2026-07-05,workstation,,--path ./pretrained/DubinsCar/gcbf+/ --area-size 6 --obs 0 --nojit-rollout --spec-len 15 --goal-sample-interval 20 --async-planner --ignore-on-finish --no-video --log --random-goals --traced-goals --change_goal_immediately --epi 10 -n 32 --spec mseq3 --planner diffusion --diffusion-method edm-ma --wandb-run-id qkmvppvt --num_candidates 8,--path ./pretrained/DubinsCar/gcbf+/ --area-size 6 --obs 0 --nojit-rollout --spec-len 15 --goal-sample-interval 20 --async-planner --ignore-on-finish --no-video --log --wandb-log --random-goals --traced-goals --change_goal_immediately --epi 10 -n 32 --spec mseq3 --wandb-tags random-loc-grid-a6 --planner diffusion --diffusion-method edm-ma --wandb-run-id qkmvppvt --num_candidates 8,_repro_2uty9yp3,10,3600.0,6,15,first1,edm-ma,False,False,,greedy,,92.1875,6.288941186718159,92.8125,5.770682910193559,0.981249988079071,0.020728904753923416,1840.5242919921875,78.41156005859375,0.2029,0.0642,,,
random_loc,mseq3,Seq.,32,DIFF-SA,bar,random_loc,yes,vn82y76w,gcbfplus-stl-test,https://wandb.ai/csbric/gcbfplus-stl-test/runs/vn82y76w,8499d431,2026-07-06,workstation,,--path ./pretrained/DubinsCar/gcbf+/ --area-size 6 --obs 0 --nojit-rollout --spec-len 15 --goal-sample-interval 20 --async-planner --ignore-on-finish --no-video --log --random-goals --traced-goals --change_goal_immediately --epi 10 -n 32 --spec mseq3 --planner diffusion --diffusion-method edm --wandb-run-id qkmvppvt --use_batched_sampling --num_candidates 8,--path ./pretrained/DubinsCar/gcbf+/ --area-size 6 --obs 0 --nojit-rollout --spec-len 15 --goal-sample-interval 20 --async-planner --ignore-on-finish --no-video --log --wandb-log --random-goals --traced-goals --change_goal_immediately --epi 10 -n 32 --spec mseq3 --wandb-tags random-loc-grid-a6 edm-baseline edm-bo8 --planner diffusion --diffusion-method edm --wandb-run-id qkmvppvt --use_batched_sampling --num_candidates 8,_repro_vn82y76w,10,3600.0,6,15,first1,edm,False,True,,greedy,,85.3125,10.647953148375514,89.0625,9.707640354380668,0.949999988079071,0.05796011537313461,1783.3192138671875,144.47482299804688,0.68,0.2442,,,
random_loc,mseq3,Seq.,32,STLPY-SA,bar,random_loc,yes,2l9fp8se,gcbfplus-stl-test,https://wandb.ai/csbric/gcbfplus-stl-test/runs/2l9fp8se,8499d431,2026-07-05,workstation,,--path ./pretrained/DubinsCar/gcbf+/ --area-size 6 --obs 0 --nojit-rollout --spec-len 15 --goal-sample-interval 20 --async-planner --ignore-on-finish --no-video --log --random-goals --traced-goals --change_goal_immediately --epi 10 -n 32 --spec mseq3 --planner stlpy,--path ./pretrained/DubinsCar/gcbf+/ --area-size 6 --obs 0 --nojit-rollout --spec-len 15 --goal-sample-interval 20 --async-planner --ignore-on-finish --no-video --log --wandb-log --random-goals --traced-goals --change_goal_immediately --epi 10 -n 32 --spec mseq3 --wandb-tags random-loc-grid-a6 --planner stlpy,_repro_2l9fp8se,10,3600.0,6,15,first1,edm-ma,False,False,,greedy,,63.74999999999999,14.537129187016257,70.0,15.064963491492437,0.921875,0.05633673816919327,1117.8153076171875,139.65452575683594,15.4035,0.2925,,,
random_loc,mseq3,Seq.,32,Gradient,bar,random_loc,no-code,ufzwjfb6,diff-mastl-test,https://wandb.ai/csbric/diff-mastl-test/runs/ufzwjfb6,0274dda0,2026-07-06,workstation,,--path ./pretrained/DubinsCar/gcbf+/ --epi 5 --area-size 6 --obs 0 --seed 1234 --nojit-rollout --spec-len 30 --goal-sample-interval 20 --async-planner --ignore-on-finish --no-video --log -n 32 --spec mseq3 --planner ce_nl --random-goals,--path pretrained/DubinsCar/gcbf+/ --epi 5 --area-size 6 --obs 0 --seed 1234 --nojit-rollout --spec-len 30 --goal-sample-interval 20 --async-planner --ignore-on-finish --no-video --log --wandb-log -n 32 --spec mseq3 --planner ce_nl --random-goals,_repro_ufzwjfb6,5,4200.0,6,30,first1,edm-ma,False,False,,,,16.25,13.462912017836262,74.375,21.596440678963745,0.30000001192092896,0.3351771831512451,1737.889892578125,181.70382690429688,69.4256,4.2367,,,not re-run: ce_nl planner is not in the pinned code (unpublished commit 0274dda0); plot_reproduced.py uses the ref_* values
random_loc,m2signal3,Signal,8,DIFF-MA,bar,random_loc,yes,w88kqu0o,gcbfplus-stl-test,https://wandb.ai/csbric/gcbfplus-stl-test/runs/w88kqu0o,28eddb81,2026-07-11,workstation,,--path ./pretrained/DubinsCar/gcbf+/ --epi 10 --area-size 6 --obs 0 --nojit-rollout --spec m2signal3 --spec-len 15 --goal-sample-interval 20 --async-planner --ignore-on-finish --no-video --log --change_goal_immediately --random-goals --traced-goals --random-goals-spacing 2.0 --stl_mixed_spec_mode None -n 8 --planner diffusion --diffusion-method edm-ma --wandb-run-id qkmvppvt --num_candidates 8 --random-goals-region 1.5,--path ./pretrained/DubinsCar/gcbf+/ --epi 10 --area-size 6 --obs 0 --nojit-rollout --spec m2signal3 --spec-len 15 --goal-sample-interval 20 --async-planner --ignore-on-finish --no-video --log --change_goal_immediately --wandb-log --random-goals --traced-goals --random-goals-spacing 2.0 --stl_mixed_spec_mode None --wandb-tags random-loc-signal-region a6 -n 8 --planner diffusion --diffusion-method edm-ma --wandb-run-id qkmvppvt --num_candidates 8 --random-goals-region 1.5,_repro_w88kqu0o,10,4800.0,6,15,None,edm-ma,False,False,1.5,greedy,,97.5,5.0,100.0,0.0,0.975000023841858,0.05000000074505806,1801.75,164.17539978027344,0.5808,0.1876,,,
random_loc,m2signal3,Signal,8,DIFF-SA,bar,random_loc,yes,f39mseae,gcbfplus-stl-test,https://wandb.ai/csbric/gcbfplus-stl-test/runs/f39mseae,28eddb81,2026-07-11,workstation,,--path ./pretrained/DubinsCar/gcbf+/ --epi 10 --area-size 6 --obs 0 --nojit-rollout --spec m2signal3 --spec-len 15 --goal-sample-interval 20 --async-planner --ignore-on-finish --no-video --log --change_goal_immediately --random-goals --traced-goals --random-goals-spacing 2.0 --stl_mixed_spec_mode None -n 8 --planner diffusion --diffusion-method edm --wandb-run-id qkmvppvt --random-goals-region 1.5,--path ./pretrained/DubinsCar/gcbf+/ --epi 10 --area-size 6 --obs 0 --nojit-rollout --spec m2signal3 --spec-len 15 --goal-sample-interval 20 --async-planner --ignore-on-finish --no-video --log --change_goal_immediately --wandb-log --random-goals --traced-goals --random-goals-spacing 2.0 --stl_mixed_spec_mode None --wandb-tags random-loc-signal-region a6 -n 8 --planner diffusion --diffusion-method edm --wandb-run-id qkmvppvt --random-goals-region 1.5,_repro_f39mseae,10,4800.0,6,15,None,edm,False,False,1.5,greedy,,97.5,5.0,100.0,0.0,0.975000023841858,0.05000000074505806,1701.321533203125,235.506103515625,0.644,0.2429,,,
random_loc,m2signal3,Signal,8,STLPY-SA,bar,random_loc,yes,yxl6715l,gcbfplus-stl-test,https://wandb.ai/csbric/gcbfplus-stl-test/runs/yxl6715l,28eddb81,2026-07-11,workstation,,--path ./pretrained/DubinsCar/gcbf+/ --epi 10 --area-size 6 --obs 0 --nojit-rollout --spec m2signal3 --spec-len 15 --goal-sample-interval 20 --async-planner --ignore-on-finish --no-video --log --change_goal_immediately --random-goals --traced-goals --random-goals-spacing 2.0 --stl_mixed_spec_mode None -n 8 --planner stlpy --random-goals-region 1.5,--path ./pretrained/DubinsCar/gcbf+/ --epi 10 --area-size 6 --obs 0 --nojit-rollout --spec m2signal3 --spec-len 15 --goal-sample-interval 20 --async-planner --ignore-on-finish --no-video --log --change_goal_immediately --wandb-log --random-goals --traced-goals --random-goals-spacing 2.0 --stl_mixed_spec_mode None --wandb-tags random-loc-signal-region a6 -n 8 --planner stlpy --random-goals-region 1.5,_repro_yxl6715l,10,4800.0,6,15,None,edm-ma,False,False,1.5,greedy,,91.25,11.25,100.0,0.0,0.912500023841858,0.11250000447034836,1029.8856201171875,46.46281814575195,20.225,1.1915,,,
random_loc,m2signal3,Signal,8,Gradient,bar,random_loc,no-code,4rf7k5mj,diff-mastl-test,https://wandb.ai/csbric/diff-mastl-test/runs/4rf7k5mj,0274dda0,2026-07-06,workstation,,--path ./pretrained/DubinsCar/gcbf+/ --epi 5 --area-size 6 --obs 0 --seed 1234 --nojit-rollout --spec-len 30 --goal-sample-interval 20 --async-planner --ignore-on-finish --no-video --log -n 8 --spec m2signal3 --planner ce_nl --random-goals --random-goals-spacing 2,--path pretrained/DubinsCar/gcbf+/ --epi 5 --area-size 6 --obs 0 --seed 1234 --nojit-rollout --spec-len 30 --goal-sample-interval 20 --async-planner --ignore-on-finish --no-video --log --wandb-log -n 8 --spec m2signal3 --planner ce_nl --random-goals --random-goals-spacing 2,_repro_4rf7k5mj,5,4200.0,6,30,None,edm-ma,False,False,,,,7.5,6.123724356957946,95.0,10.0,0.10000000149011612,0.09354144334793092,1977.666748046875,182.6350250244141,66.5507,8.2994,,,not re-run: ce_nl planner is not in the pinned code (unpublished commit 0274dda0); plot_reproduced.py uses the ref_* values
random_loc,m2signal3,Signal,16,DIFF-MA,bar,random_loc,yes,cuaaektp,gcbfplus-stl-test,https://wandb.ai/csbric/gcbfplus-stl-test/runs/cuaaektp,28eddb81,2026-07-11,workstation,,--path ./pretrained/DubinsCar/gcbf+/ --epi 10 --area-size 6 --obs 0 --nojit-rollout --spec m2signal3 --spec-len 15 --goal-sample-interval 20 --async-planner --ignore-on-finish --no-video --log --change_goal_immediately --random-goals --traced-goals --random-goals-spacing 2.0 --stl_mixed_spec_mode None -n 16 --planner diffusion --diffusion-method edm-ma --wandb-run-id qkmvppvt --num_candidates 8 --random-goals-region 1.5,--path ./pretrained/DubinsCar/gcbf+/ --epi 10 --area-size 6 --obs 0 --nojit-rollout --spec m2signal3 --spec-len 15 --goal-sample-interval 20 --async-planner --ignore-on-finish --no-video --log --change_goal_immediately --wandb-log --random-goals --traced-goals --random-goals-spacing 2.0 --stl_mixed_spec_mode None --wandb-tags random-loc-signal-region a6 -n 16 --planner diffusion --diffusion-method edm-ma --wandb-run-id qkmvppvt --num_candidates 8 --random-goals-region 1.5,_repro_cuaaektp,10,4800.0,6,15,None,edm-ma,False,False,1.5,greedy,,92.5,7.288689868556626,98.75,3.75,0.9375,0.07395099848508835,1904.805908203125,81.92698669433594,0.7222,0.3019,,,
random_loc,m2signal3,Signal,16,DIFF-SA,bar,random_loc,yes,rxdiagvs,gcbfplus-stl-test,https://wandb.ai/csbric/gcbfplus-stl-test/runs/rxdiagvs,28eddb81,2026-07-11,workstation,,--path ./pretrained/DubinsCar/gcbf+/ --epi 10 --area-size 6 --obs 0 --nojit-rollout --spec m2signal3 --spec-len 15 --goal-sample-interval 20 --async-planner --ignore-on-finish --no-video --log --change_goal_immediately --random-goals --traced-goals --random-goals-spacing 2.0 --stl_mixed_spec_mode None -n 16 --planner diffusion --diffusion-method edm --wandb-run-id qkmvppvt --random-goals-region 1.5,--path ./pretrained/DubinsCar/gcbf+/ --epi 10 --area-size 6 --obs 0 --nojit-rollout --spec m2signal3 --spec-len 15 --goal-sample-interval 20 --async-planner --ignore-on-finish --no-video --log --change_goal_immediately --wandb-log --random-goals --traced-goals --random-goals-spacing 2.0 --stl_mixed_spec_mode None --wandb-tags random-loc-signal-region a6 -n 16 --planner diffusion --diffusion-method edm --wandb-run-id qkmvppvt --random-goals-region 1.5,_repro_rxdiagvs,10,4800.0,6,15,None,edm,False,False,1.5,greedy,,90.625,4.192627457812105,94.375,5.896238207535378,0.956250011920929,0.04001953080296517,1970.0322265625,149.3335418701172,0.7326,0.2018,,,
random_loc,m2signal3,Signal,16,STLPY-SA,bar,random_loc,yes,bybo5u0o,gcbfplus-stl-test,https://wandb.ai/csbric/gcbfplus-stl-test/runs/bybo5u0o,28eddb81,2026-07-11,workstation,,--path ./pretrained/DubinsCar/gcbf+/ --epi 10 --area-size 6 --obs 0 --nojit-rollout --spec m2signal3 --spec-len 15 --goal-sample-interval 20 --async-planner --ignore-on-finish --no-video --log --change_goal_immediately --random-goals --traced-goals --random-goals-spacing 2.0 --stl_mixed_spec_mode None -n 16 --planner stlpy --random-goals-region 1.5,--path ./pretrained/DubinsCar/gcbf+/ --epi 10 --area-size 6 --obs 0 --nojit-rollout --spec m2signal3 --spec-len 15 --goal-sample-interval 20 --async-planner --ignore-on-finish --no-video --log --change_goal_immediately --wandb-log --random-goals --traced-goals --random-goals-spacing 2.0 --stl_mixed_spec_mode None --wandb-tags random-loc-signal-region a6 -n 16 --planner stlpy --random-goals-region 1.5,_repro_bybo5u0o,10,4800.0,6,15,None,edm-ma,False,False,1.5,greedy,,92.5,7.288689868556625,98.75,3.75,0.9312500357627868,0.0652519166469574,1168.361328125,96.0331039428711,41.3864,1.3455,,,
random_loc,m2signal3,Signal,16,Gradient,bar,random_loc,no-code,wpwgnkz5,diff-mastl-test,https://wandb.ai/csbric/diff-mastl-test/runs/wpwgnkz5,0274dda0,2026-07-06,workstation,,--path ./pretrained/DubinsCar/gcbf+/ --epi 5 --area-size 6 --obs 0 --seed 1234 --nojit-rollout --spec-len 30 --goal-sample-interval 20 --async-planner --ignore-on-finish --no-video --log -n 16 --spec m2signal3 --planner ce_nl --random-goals --random-goals-spacing 2,--path pretrained/DubinsCar/gcbf+/ --epi 5 --area-size 6 --obs 0 --seed 1234 --nojit-rollout --spec-len 30 --goal-sample-interval 20 --async-planner --ignore-on-finish --no-video --log --wandb-log -n 16 --spec m2signal3 --planner ce_nl --random-goals --random-goals-spacing 2,_repro_wpwgnkz5,5,4200.0,6,30,None,edm-ma,False,False,,,,10.0,7.500000000000001,100.0,0.0,0.10000000149011612,0.07500000298023224,2006.0001220703125,115.89027404785156,142.0017,16.0923,,,not re-run: ce_nl planner is not in the pinned code (unpublished commit 0274dda0); plot_reproduced.py uses the ref_* values
random_loc,m2signal3,Signal,32,DIFF-MA,bar,random_loc,yes,drgx6qov,gcbfplus-stl-test,https://wandb.ai/csbric/gcbfplus-stl-test/runs/drgx6qov,8499d431,2026-07-05,workstation,,--path ./pretrained/DubinsCar/gcbf+/ --area-size 6 --obs 0 --nojit-rollout --spec-len 15 --goal-sample-interval 20 --async-planner --ignore-on-finish --no-video --log --random-goals --traced-goals --change_goal_immediately --epi 10 -n 32 --spec m2signal3 --random-goals-spacing 2.0 --random-goals-region 1.5 --planner diffusion --diffusion-method edm-ma --wandb-run-id qkmvppvt --num_candidates 8,--path ./pretrained/DubinsCar/gcbf+/ --area-size 6 --obs 0 --nojit-rollout --spec-len 15 --goal-sample-interval 20 --async-planner --ignore-on-finish --no-video --log --wandb-log --random-goals --traced-goals --change_goal_immediately --epi 10 -n 32 --spec m2signal3 --random-goals-spacing 2.0 --wandb-tags random-loc-signal-region --random-goals-region 1.5 --planner diffusion --diffusion-method edm-ma --wandb-run-id qkmvppvt --num_candidates 8,_repro_drgx6qov,10,4800.0,6,15,None,edm-ma,False,False,1.5,greedy,,89.0625,5.087131436281158,94.6875,5.598897770990287,0.943750023841858,0.01874999888241291,2275.149658203125,117.17951965332033,0.8956,0.4413,,,
random_loc,m2signal3,Signal,32,DIFF-SA,bar,random_loc,yes,a3312mf1,gcbfplus-stl-test,https://wandb.ai/csbric/gcbfplus-stl-test/runs/a3312mf1,8499d431,2026-07-06,workstation,,--path ./pretrained/DubinsCar/gcbf+/ --area-size 6 --obs 0 --nojit-rollout --spec-len 15 --goal-sample-interval 20 --async-planner --ignore-on-finish --no-video --log --random-goals --traced-goals --change_goal_immediately --epi 10 -n 32 --spec m2signal3 --random-goals-spacing 2.0 --random-goals-region 1.5 --planner diffusion --diffusion-method edm --wandb-run-id qkmvppvt --use_batched_sampling --num_candidates 8,--path ./pretrained/DubinsCar/gcbf+/ --area-size 6 --obs 0 --nojit-rollout --spec-len 15 --goal-sample-interval 20 --async-planner --ignore-on-finish --no-video --log --wandb-log --random-goals --traced-goals --change_goal_immediately --epi 10 -n 32 --spec m2signal3 --random-goals-spacing 2.0 --random-goals-region 1.5 --wandb-tags random-loc-signal-region edm-baseline edm-bo8 --planner diffusion --diffusion-method edm --wandb-run-id qkmvppvt --use_batched_sampling --num_candidates 8,_repro_a3312mf1,10,4800.0,6,15,None,edm,False,True,1.5,greedy,,84.0625,8.66589038991378,86.25,8.291561975888499,0.971875011920929,0.02595820091664791,2342.238037109375,98.46463012695312,1.7479,0.4538,,,
random_loc,m2signal3,Signal,32,STLPY-SA,bar,random_loc,yes,ytq1lt14,gcbfplus-stl-test,https://wandb.ai/csbric/gcbfplus-stl-test/runs/ytq1lt14,8499d431,2026-07-05,workstation,,--path ./pretrained/DubinsCar/gcbf+/ --area-size 6 --obs 0 --nojit-rollout --spec-len 15 --goal-sample-interval 20 --async-planner --ignore-on-finish --no-video --log --random-goals --traced-goals --change_goal_immediately --epi 10 -n 32 --spec m2signal3 --random-goals-spacing 2.0 --random-goals-region 1.5 --planner stlpy,--path ./pretrained/DubinsCar/gcbf+/ --area-size 6 --obs 0 --nojit-rollout --spec-len 15 --goal-sample-interval 20 --async-planner --ignore-on-finish --no-video --log --wandb-log --random-goals --traced-goals --change_goal_immediately --epi 10 -n 32 --spec m2signal3 --random-goals-spacing 2.0 --wandb-tags random-loc-signal-region --random-goals-region 1.5 --planner stlpy,_repro_ytq1lt14,10,4800.0,6,15,None,edm-ma,False,False,1.5,greedy,,78.75,7.629097259833564,86.875,8.361930100162281,0.90625,0.050389111042022705,1428.6630859375,131.03689575195312,78.5973,1.1363,,,
random_loc,m2signal3,Signal,32,Gradient,bar,random_loc,no-code,z2rq11nf,diff-mastl-test,https://wandb.ai/csbric/diff-mastl-test/runs/z2rq11nf,0274dda0,2026-07-06,workstation,,--path ./pretrained/DubinsCar/gcbf+/ --epi 5 --area-size 6 --obs 0 --seed 1234 --nojit-rollout --spec-len 30 --goal-sample-interval 20 --async-planner --ignore-on-finish --no-video --log -n 32 --spec m2signal3 --planner ce_nl --random-goals --random-goals-spacing 2,--path pretrained/DubinsCar/gcbf+/ --epi 5 --area-size 6 --obs 0 --seed 1234 --nojit-rollout --spec-len 30 --goal-sample-interval 20 --async-planner --ignore-on-finish --no-video --log --wandb-log -n 32 --spec m2signal3 --planner ce_nl --random-goals --random-goals-spacing 2,_repro_z2rq11nf,5,4200.0,6,30,None,edm-ma,False,False,,,,7.5,4.677071733467426,77.5,15.103807466993215,0.08125000447034836,0.05077523738145828,2259.60009765625,152.3543243408203,296.211,19.2381,,,not re-run: ce_nl planner is not in the pinned code (unpublished commit 0274dda0); plot_reproduced.py uses the ref_* values
team_spec,team_choiceseq3,Choice ($\vee$),8,DIFF-MA,bar,team_spec,yes,2muf7mmu,gcbfplus-stl-test,https://wandb.ai/csbric/gcbfplus-stl-test/runs/2muf7mmu,00700381,2026-07-12,workstation,GCBF_TEAM_SELECT_OUTER=1,--path ./pretrained/DubinsCar/gcbf+/ --epi 10 --area-size 6 --max-step 7200 --obs 0 --nojit-rollout --spec team_choiceseq3 --spec-len 15 --goal-sample-interval 20 --async-planner --ignore-on-finish --no-video --log --change_goal_immediately --team-avoid --use_batched_sampling -n 8 --planner diffusion --diffusion-method edm-ma --wandb-run-id qkmvppvt --team-disjunctive --num_candidates 8,--path ./pretrained/DubinsCar/gcbf+/ --epi 10 --area-size 6 --max-step 7200 --obs 0 --nojit-rollout --spec team_choiceseq3 --spec-len 15 --goal-sample-interval 20 --async-planner --ignore-on-finish --no-video --log --change_goal_immediately --team-avoid --use_batched_sampling --wandb-log -n 8 --planner diffusion --diffusion-method edm-ma --wandb-run-id qkmvppvt --team-disjunctive --num_candidates 8 --wandb-tags team-final a6 emergent spec-v2,_repro_2muf7mmu,10,7200.0,6,15,first1,edm-ma,False,True,,greedy,1.0,100.0,0.0,100.0,0.0,1.0,0.0,1706.0,168.35972595214844,0.5992,0.1642,1.0,0.0,
team_spec,team_choiceseq3_t15,Choice ($\vee$),8,STLPY-SA,bar,old-local-testlog,best-effort,local_choice_N8,,,,,,,--path ./pretrained/DubinsCar/gcbf+/ --epi 10 --area-size 6 --max-step 2400 --obs 0 --nojit-rollout --spec-len 15 --goal-sample-interval 20 --async-planner --ignore-on-finish --no-video --log --change_goal_immediately --team-avoid -n 8 --spec team_choiceseq3_t15 --planner stlpy --team-alloc greedy --stl_mixed_spec_mode first1,,_repro_local_choice_N8,10,2400.0,6,15,,,,,,greedy,1.0,92.5,11.456,92.5,11.456,1.0,0.0,1307.75,111.1,5.3936,0.2254,1.0,,"old local test_log.csv row (pre spec-v2 code, no W&B run); flags reconstructed from the logged settings"
team_spec,team_choiceseq3,Choice ($\vee$),8,STLPY-Global,bar,team_spec,yes,4lozy92j,gcbfplus-stl-test,https://wandb.ai/csbric/gcbfplus-stl-test/runs/4lozy92j,d7f73603,2026-07-12,workstation,GCBF_TEAM_SELECT_OUTER=0,--path ./pretrained/DubinsCar/gcbf+/ --epi 10 --area-size 6 --max-step 7200 --obs 0 --nojit-rollout --spec-len 15 --goal-sample-interval 20 --async-planner --ignore-on-finish --no-video --log --change_goal_immediately --team-avoid -n 8 --spec team_choiceseq3 --planner stlpy_global,--path ./pretrained/DubinsCar/gcbf+/ --epi 10 --area-size 6 --max-step 7200 --obs 0 --nojit-rollout --spec-len 15 --goal-sample-interval 20 --async-planner --ignore-on-finish --no-video --log --change_goal_immediately --team-avoid --wandb-log -n 8 --spec team_choiceseq3 --planner stlpy_global --wandb-tags team-final a6 stlpy-global spec-v2,_repro_4lozy92j,10,7200.0,6,15,first1,edm-ma,False,False,,greedy,1.0,58.12500000000001,22.543360996089294,88.75,8.75,0.6500000357627869,0.22912877798080444,973.1428833007812,62.14288330078125,832.297,9.8875,0.6500000357627869,0.22912877798080444,
team_spec,team_choiceseq3,Choice ($\vee$),16,DIFF-MA,bar,team_spec,yes,tk5zcwmj,gcbfplus-stl-test,https://wandb.ai/csbric/gcbfplus-stl-test/runs/tk5zcwmj,0281b5d1,2026-07-12,workstation,GCBF_TEAM_SELECT_OUTER=1,--path ./pretrained/DubinsCar/gcbf+/ --epi 10 -n 16 --area-size 6 --max-step 7200 --obs 0 --nojit-rollout --spec team_choiceseq3 --spec-len 15 --goal-sample-interval 20 --async-planner --ignore-on-finish --no-video --log --change_goal_immediately --team-disjunctive --team-avoid --use_batched_sampling --num_candidates 16 --planner diffusion --diffusion-method edm-ma --wandb-run-id qkmvppvt,--path ./pretrained/DubinsCar/gcbf+/ --epi 10 -n 16 --area-size 6 --max-step 7200 --obs 0 --nojit-rollout --spec team_choiceseq3 --spec-len 15 --goal-sample-interval 20 --async-planner --ignore-on-finish --no-video --log --change_goal_immediately --team-disjunctive --team-avoid --use_batched_sampling --num_candidates 16 --planner diffusion --diffusion-method edm-ma --wandb-run-id qkmvppvt --wandb-log --wandb-tags team-final a6 emergent stagger spec-v2 nan-fix,_repro_tk5zcwmj,10,7200.0,6,15,first1,edm-ma,False,True,,greedy,1.0,98.75,3.75,98.75,3.75,1.0,0.0,1845.300048828125,135.95469665527344,12.0232,2.2192,1.0,0.0,
team_spec,team_choiceseq3_t15,Choice ($\vee$),16,STLPY-SA,bar,old-local-testlog,best-effort,local_choice_N16,,,,,,,--path ./pretrained/DubinsCar/gcbf+/ --epi 10 --area-size 6 --max-step 2700 --obs 0 --nojit-rollout --spec-len 15 --goal-sample-interval 20 --async-planner --ignore-on-finish --no-video --log --change_goal_immediately --team-avoid -n 16 --spec team_choiceseq3_t15 --planner stlpy --team-alloc greedy --stl_mixed_spec_mode first1,,_repro_local_choice_N16,10,2700.0,6,15,,,,,,greedy,1.0,68.75,12.5,72.5,6.96,0.95,0.15,1549.96,113.6,10.3848,0.1696,0.95,,"old local test_log.csv row (pre spec-v2 code, no W&B run); flags reconstructed from the logged settings"
team_spec,team_choiceseq3,Choice ($\vee$),32,DIFF-MA,bar,team_spec,yes,k8kfrm63,gcbfplus-stl-test,https://wandb.ai/csbric/gcbfplus-stl-test/runs/k8kfrm63,d44d8acf,2026-07-12,workstation,GCBF_GOAL_SCALE=1.25 GCBF_TEAM_SELECT_OUTER=1,--path ./pretrained/DubinsCar/gcbf+/ --epi 10 -n 32 --area-size 6 --max-step 7200 --obs 0 --nojit-rollout --spec team_choiceseq3 --spec-len 15 --goal-sample-interval 20 --async-planner --ignore-on-finish --no-video --log --change_goal_immediately --team-avoid --use_batched_sampling --planner diffusion --diffusion-method edm-ma --wandb-run-id qkmvppvt --team-disjunctive --num_candidates 16,--path ./pretrained/DubinsCar/gcbf+/ --epi 10 -n 32 --area-size 6 --max-step 7200 --obs 0 --nojit-rollout --spec team_choiceseq3 --spec-len 15 --goal-sample-interval 20 --async-planner --ignore-on-finish --no-video --log --change_goal_immediately --team-avoid --use_batched_sampling --wandb-log --planner diffusion --diffusion-method edm-ma --wandb-run-id qkmvppvt --team-disjunctive --num_candidates 16 --wandb-tags team-final a6 combo-sweep stagger spec-v2 nan-fix emergent goal-scale gs1.25,_repro_k8kfrm63,10,7200.0,6,15,first1,edm-ma,False,True,,greedy,1.25,76.25,10.933034802834936,76.25,10.933034802834936,1.0,0.0,2447.551025390625,447.0809326171875,2.9103,3.3515,1.0,0.0,
team_spec,team_choiceseq3_t15,Choice ($\vee$),32,STLPY-SA,bar,old-local-testlog,best-effort,local_choice_N32,,,,,,,--path ./pretrained/DubinsCar/gcbf+/ --epi 10 --area-size 6 --max-step 3600 --obs 0 --nojit-rollout --spec-len 15 --goal-sample-interval 20 --async-planner --ignore-on-finish --no-video --log --change_goal_immediately --team-avoid -n 32 --spec team_choiceseq3_t15 --planner stlpy --team-alloc greedy --stl_mixed_spec_mode first1,,_repro_local_choice_N32,10,3600.0,6,15,,,,,,greedy,1.0,41.719,9.361,38.75,6.585,0.7,0.24,1959.01,60.1,20.7699,0.266,0.7,,"old local test_log.csv row (pre spec-v2 code, no W&B run); flags reconstructed from the logged settings"
team_spec,team_redun4x2,Redundant ($\wedge$),8,DIFF-MA,bar,team_spec,yes,kxfnwm84,gcbfplus-stl-test,https://wandb.ai/csbric/gcbfplus-stl-test/runs/kxfnwm84,28eddb81,2026-07-11,workstation,,--path ./pretrained/DubinsCar/gcbf+/ --epi 10 --area-size 6 --max-step 7200 --obs 0 --nojit-rollout --spec-len 15 --goal-sample-interval 20 --async-planner --ignore-on-finish --no-video --log --change_goal_immediately --team-avoid --use_batched_sampling --num_candidates 8 -n 8 --planner diffusion --diffusion-method edm-ma --wandb-run-id qkmvppvt --spec team_redun4x2 --team-disjunctive,--path ./pretrained/DubinsCar/gcbf+/ --epi 10 --area-size 6 --max-step 7200 --obs 0 --nojit-rollout --spec-len 15 --goal-sample-interval 20 --async-planner --ignore-on-finish --no-video --log --change_goal_immediately --team-avoid --use_batched_sampling --num_candidates 8 --wandb-log -n 8 --planner diffusion --diffusion-method edm-ma --wandb-run-id qkmvppvt --spec team_redun4x2 --team-disjunctive --wandb-tags team-final a6 emergent,_repro_kxfnwm84,10,7200.0,6,15,first1,edm-ma,False,True,,greedy,1.0,100.0,0.0,100.0,0.0,1.0,0.0,1416.3333740234375,161.05345153808594,2.0706,2.9146,1.0,0.0,
team_spec,team_redun4x2_t15,Redundant ($\wedge$),8,STLPY-SA,bar,old-local-testlog,best-effort,local_redund_N8,,,,,,,--path ./pretrained/DubinsCar/gcbf+/ --epi 5 --area-size 6 --max-step 900 --obs 0 --nojit-rollout --spec-len 15 --goal-sample-interval 20 --async-planner --ignore-on-finish --no-video --log --change_goal_immediately --team-avoid -n 8 --spec team_redun4x2_t15 --planner stlpy --team-alloc greedy --stl_mixed_spec_mode first1,,_repro_local_redund_N8,5,900.0,6,15,,,,,,greedy,1.0,100.0,0.0,100.0,0.0,1.0,0.0,682.79,66.57,8.126,0.0815,1.0,,"old local test_log.csv row (pre spec-v2 code, no W&B run); flags reconstructed from the logged settings"
team_spec,team_redun4x2,Redundant ($\wedge$),8,STLPY-Global,bar,team_spec,yes,3zg26ley,gcbfplus-stl-test,https://wandb.ai/csbric/gcbfplus-stl-test/runs/3zg26ley,d7f73603,2026-07-12,workstation,GCBF_TEAM_SELECT_OUTER=0,--path ./pretrained/DubinsCar/gcbf+/ --epi 10 --area-size 6 --max-step 7200 --obs 0 --nojit-rollout --spec-len 15 --goal-sample-interval 20 --async-planner --ignore-on-finish --no-video --log --change_goal_immediately --team-avoid -n 8 --spec team_redun4x2 --planner stlpy_global,--path ./pretrained/DubinsCar/gcbf+/ --epi 10 --area-size 6 --max-step 7200 --obs 0 --nojit-rollout --spec-len 15 --goal-sample-interval 20 --async-planner --ignore-on-finish --no-video --log --change_goal_immediately --team-avoid --wandb-log -n 8 --spec team_redun4x2 --planner stlpy_global --wandb-tags team-final a6 stlpy-global,_repro_3zg26ley,10,7200.0,6,15,first1,edm-ma,False,False,,greedy,1.0,100.0,0.0,100.0,0.0,1.0,0.0,561.0,0.0,778.4472,1.6098,1.0,0.0,
team_spec,team_redun4x4,Redundant ($\wedge$),16,DIFF-MA,bar,team_spec,yes,jn3dp66b,gcbfplus-stl-test,https://wandb.ai/csbric/gcbfplus-stl-test/runs/jn3dp66b,28eddb81,2026-07-11,workstation,,--path ./pretrained/DubinsCar/gcbf+/ --epi 10 --area-size 6 --max-step 7200 --obs 0 --nojit-rollout --spec-len 15 --goal-sample-interval 20 --async-planner --ignore-on-finish --no-video --log --change_goal_immediately --team-avoid --use_batched_sampling --num_candidates 8 -n 16 --planner diffusion --diffusion-method edm-ma --wandb-run-id qkmvppvt --spec team_redun4x4 --team-disjunctive,--path ./pretrained/DubinsCar/gcbf+/ --epi 10 --area-size 6 --max-step 7200 --obs 0 --nojit-rollout --spec-len 15 --goal-sample-interval 20 --async-planner --ignore-on-finish --no-video --log --change_goal_immediately --team-avoid --use_batched_sampling --num_candidates 8 --wandb-log -n 16 --planner diffusion --diffusion-method edm-ma --wandb-run-id qkmvppvt --spec team_redun4x4 --team-disjunctive --wandb-tags team-final a6 emergent,_repro_jn3dp66b,10,7200.0,6,15,first1,edm-ma,False,True,,greedy,1.0,100.0,0.0,100.0,0.0,1.0,0.0,1468.052490234375,470.91058349609375,5.6408,3.7524,1.0,0.0,
team_spec,team_redun4x4_t15,Redundant ($\wedge$),16,STLPY-SA,bar,old-local-testlog,best-effort,local_redund_N16,,,,,,,--path ./pretrained/DubinsCar/gcbf+/ --epi 5 --area-size 6 --max-step 1200 --obs 0 --nojit-rollout --spec-len 15 --goal-sample-interval 20 --async-planner --ignore-on-finish --no-video --log --change_goal_immediately --team-avoid -n 16 --spec team_redun4x4_t15 --planner stlpy --team-alloc greedy --stl_mixed_spec_mode first1,,_repro_local_redund_N16,5,1200.0,6,15,,,,,,greedy,1.0,98.75,2.5,98.75,2.5,1.0,0.0,757.38,48.41,11.2659,0.1717,1.0,,"old local test_log.csv row (pre spec-v2 code, no W&B run); flags reconstructed from the logged settings"
team_spec,team_redun4x8,Redundant ($\wedge$),32,DIFF-MA,bar,team_spec,yes,ry1xtsxy,gcbfplus-stl-test,https://wandb.ai/csbric/gcbfplus-stl-test/runs/ry1xtsxy,155cf85a,2026-07-03,workstation,,--path ./pretrained/DubinsCar/gcbf+/ --epi 10 --area-size 6 -n 32 --obs 0 --nojit-rollout --spec-len 15 --goal-sample-interval 20 --async-planner --ignore-on-finish --no-video --log --max-step 7200 --change_goal_immediately --team-avoid --planner diffusion --diffusion-method edm-ma --wandb-run-id qkmvppvt --use_batched_sampling --num_candidates 8 --team-disjunctive --spec team_redun4x8,--path ./pretrained/DubinsCar/gcbf+/ --epi 10 --area-size 6 -n 32 --obs 0 --nojit-rollout --spec-len 15 --goal-sample-interval 20 --async-planner --ignore-on-finish --no-video --log --wandb-log --wandb-tags task-repair-ab --max-step 7200 --change_goal_immediately --team-avoid --planner diffusion --diffusion-method edm-ma --wandb-run-id qkmvppvt --use_batched_sampling --num_candidates 8 --team-disjunctive --spec team_redun4x8,_repro_ry1xtsxy,10,7200.0,6,15,first1,edm-ma,False,True,,greedy,1.0,94.6875,6.09975665498223,94.6875,6.09975665498223,1.0,0.0,1512.3846435546875,198.3636016845703,10.7572,0.0209,1.0,0.0,
team_spec,team_redun4x8_t15,Redundant ($\wedge$),32,STLPY-SA,bar,old-local-testlog,best-effort,local_redund_N32,,,,,,,--path ./pretrained/DubinsCar/gcbf+/ --epi 5 --area-size 6 --max-step 1500 --obs 0 --nojit-rollout --spec-len 15 --goal-sample-interval 20 --async-planner --ignore-on-finish --no-video --log --change_goal_immediately --team-avoid -n 32 --spec team_redun4x8_t15 --planner stlpy --team-alloc greedy --stl_mixed_spec_mode first1,,_repro_local_redund_N32,5,1500.0,6,15,,,,,,greedy,1.0,68.438,2.733,91.25,3.644,0.75,0.0,857.95,39.8,32.5725,0.1279,0.75,,"old local test_log.csv row (pre spec-v2 code, no W&B run); flags reconstructed from the logged settings"
high_n,mseq3-m2branch2-mcover3-m2loop3-m2signal3,Mixed,8,DIFF-MA,success,native-a6,yes,f5d2gd50,diff-mastl-test,https://wandb.ai/csbric/diff-mastl-test/runs/f5d2gd50,5227c2d0,2026-06-23,27c194413d1a,,--path ./pretrained/DubinsCar/gcbf+/ --epi 10 --area-size 6 --obs 0 --seed 1234 --nojit-rollout --spec-len 15 --goal-sample-interval 20 --async-planner --ignore-on-finish --no-video --log -n 8 --spec mseq3-m2branch2-mcover3-m2loop3-m2signal3 --planner diffusion --diffusion-method edm-ma --use_batched_sampling --num_candidates 8 --wandb-run-id qkmvppvt --change_goal_immediately --stl_mixed_spec_mode first1,--path pretrained/DubinsCar/gcbf+/ --epi 10 --area-size 6 --obs 0 --seed 1234 --nojit-rollout --spec-len 15 --goal-sample-interval 20 --async-planner --ignore-on-finish --no-video --log -n 8 --spec mseq3-m2branch2-mcover3-m2loop3-m2signal3 --planner diffusion --diffusion-method edm-ma --use_batched_sampling --num_candidates 8 --wandb-run-id qkmvppvt --wandb-log --change_goal_immediately --stl_mixed_spec_mode first1,_repro_f5d2gd50,10,4800.0,6,15,first1,edm-ma,False,True,,greedy,,100.0,0.0,100.0,0.0,1.0,0.0,1750.0,126.09123229980467,29.0274,6.4279,,,
high_n,mseq3-m2branch2-mcover3-m2loop3-m2signal3,Mixed,8,DIFF-MA,timing,gs2.0-a10,yes,f0td1sgv,diff-mastl-test,https://wandb.ai/csbric/diff-mastl-test/runs/f0td1sgv,2d6867f6,2026-06-25,workstation,GCBF_GOAL_SCALE=2,--path ./pretrained/DubinsCar/gcbf+/ --epi 3 --area-size 10 --obs 0 --nojit-rollout --spec-len 15 --goal-sample-interval 20 --spec mseq3-m2branch2-mcover3-m2loop3-m2signal3 --async-planner --ignore-on-finish --no-video --log -n 8 --planner diffusion --diffusion-method edm-ma --wandb-run-id qkmvppvt --num_candidates 8,--path ./pretrained/DubinsCar/gcbf+/ --epi 3 --area-size 10 --obs 0 --nojit-rollout --spec-len 15 --goal-sample-interval 20 --spec mseq3-m2branch2-mcover3-m2loop3-m2signal3 --async-planner --ignore-on-finish --no-video --log --wandb-log -n 8 --planner diffusion --diffusion-method edm-ma --wandb-run-id qkmvppvt --num_candidates 8,_repro_f0td1sgv,3,4800.0,10,15,first1,edm-ma,False,False,,greedy,,91.66666666666666,5.892556509887896,100.0,0.0,0.9166666865348816,0.0589255690574646,2424.21435546875,204.5591735839844,3.4934,0.8028,,,
high_n,mseq3-m2branch2-mcover3-m2loop3-m2signal3,Mixed,8,STLPY-SA,success,native-a6,yes,j8ok65qr,diff-mastl-test,https://wandb.ai/csbric/diff-mastl-test/runs/j8ok65qr,5227c2d0,2026-06-23,4ae7a88e1466,,--path ./pretrained/DubinsCar/gcbf+/ --epi 10 --area-size 6 --obs 0 --seed 1234 --nojit-rollout --spec-len 15 --goal-sample-interval 20 --async-planner --ignore-on-finish --no-video --log -n 8 --spec mseq3-m2branch2-mcover3-m2loop3-m2signal3 --planner stlpy --team-alloc greedy --stl_mixed_spec_mode first1,--path pretrained/DubinsCar/gcbf+/ --epi 10 --area-size 6 --obs 0 --seed 1234 --nojit-rollout --spec-len 15 --goal-sample-interval 20 --async-planner --ignore-on-finish --no-video --log -n 8 --spec mseq3-m2branch2-mcover3-m2loop3-m2signal3 --planner stlpy --team-alloc greedy --wandb-log --stl_mixed_spec_mode first1,_repro_j8ok65qr,10,4800.0,6,15,first1,edm-ma,False,False,,greedy,,95.0,6.123724356957945,98.75,3.75,0.9625000357627868,0.05728219449520111,1538.7857666015625,301.5978088378906,6.0818,0.2938,,,
high_n,mseq3-m2branch2-mcover3-m2loop3-m2signal3,Mixed,8,STLPY-SA,timing,gs2.0-a10,yes,gh5zqw36,diff-mastl-test,https://wandb.ai/csbric/diff-mastl-test/runs/gh5zqw36,2d6867f6,2026-06-25,workstation,GCBF_GOAL_SCALE=2,--path ./pretrained/DubinsCar/gcbf+/ --epi 3 --area-size 10 --obs 0 --nojit-rollout --spec-len 15 --goal-sample-interval 20 --spec mseq3-m2branch2-mcover3-m2loop3-m2signal3 --async-planner --ignore-on-finish --no-video --log -n 8 --planner stlpy --team-alloc greedy,--path ./pretrained/DubinsCar/gcbf+/ --epi 3 --area-size 10 --obs 0 --nojit-rollout --spec-len 15 --goal-sample-interval 20 --spec mseq3-m2branch2-mcover3-m2loop3-m2signal3 --async-planner --ignore-on-finish --no-video --log --wandb-log -n 8 --planner stlpy --team-alloc greedy,_repro_gh5zqw36,3,4800.0,10,15,first1,edm-ma,False,False,,greedy,,58.333333333333336,5.892556509887896,100.0,0.0,0.5833333730697632,0.058925561606884,1440.666748046875,53.29373550415039,12.3899,0.4213,,,
high_n,mseq3-m2branch2-mcover3-m2loop3-m2signal3,Mixed,16,DIFF-MA,success,native-a6,yes,rceicdzr,diff-mastl-test,https://wandb.ai/csbric/diff-mastl-test/runs/rceicdzr,5227c2d0,2026-06-23,27c194413d1a,,--path ./pretrained/DubinsCar/gcbf+/ --epi 10 --area-size 6 --obs 0 --seed 1234 --nojit-rollout --spec-len 15 --goal-sample-interval 20 --async-planner --ignore-on-finish --no-video --log -n 16 --spec mseq3-m2branch2-mcover3-m2loop3-m2signal3 --planner diffusion --diffusion-method edm-ma --use_batched_sampling --num_candidates 8 --wandb-run-id qkmvppvt --change_goal_immediately --stl_mixed_spec_mode first1,--path pretrained/DubinsCar/gcbf+/ --epi 10 --area-size 6 --obs 0 --seed 1234 --nojit-rollout --spec-len 15 --goal-sample-interval 20 --async-planner --ignore-on-finish --no-video --log -n 16 --spec mseq3-m2branch2-mcover3-m2loop3-m2signal3 --planner diffusion --diffusion-method edm-ma --use_batched_sampling --num_candidates 8 --wandb-run-id qkmvppvt --wandb-log --change_goal_immediately --stl_mixed_spec_mode first1 --test-log-suffix _9teomy2bdo5zpd_20260623T072233Z,_repro_rceicdzr,10,4800.0,6,15,first1,edm-ma,False,True,,greedy,,98.75,2.5,100.0,0.0,0.987500011920929,0.02500000037252903,1794.9749755859375,82.58980560302734,25.1853,2.7253,,,
high_n,mseq3-m2branch2-mcover3-m2loop3-m2signal3,Mixed,16,DIFF-MA,timing,gs2.0-a10,yes,kert91iv,diff-mastl-test,https://wandb.ai/csbric/diff-mastl-test/runs/kert91iv,2d6867f6,2026-06-25,workstation,GCBF_GOAL_SCALE=2,--path ./pretrained/DubinsCar/gcbf+/ --epi 3 --area-size 10 --obs 0 --nojit-rollout --spec-len 15 --goal-sample-interval 20 --spec mseq3-m2branch2-mcover3-m2loop3-m2signal3 --async-planner --ignore-on-finish --no-video --log -n 16 --planner diffusion --diffusion-method edm-ma --wandb-run-id qkmvppvt --num_candidates 8,--path ./pretrained/DubinsCar/gcbf+/ --epi 3 --area-size 10 --obs 0 --nojit-rollout --spec-len 15 --goal-sample-interval 20 --spec mseq3-m2branch2-mcover3-m2loop3-m2signal3 --async-planner --ignore-on-finish --no-video --log --wandb-log -n 16 --planner diffusion --diffusion-method edm-ma --wandb-run-id qkmvppvt --num_candidates 8,_repro_kert91iv,3,4800.0,10,15,first1,edm-ma,False,False,,greedy,,91.66666666666666,2.946278254943948,100.0,0.0,0.9166666865348816,0.029462780803442,2513.381103515625,57.194366455078125,6.1803,1.4094,,,
high_n,mseq3-m2branch2-mcover3-m2loop3-m2signal3,Mixed,16,STLPY-SA,success,native-a6,yes,e6x94wxf,diff-mastl-test,https://wandb.ai/csbric/diff-mastl-test/runs/e6x94wxf,5227c2d0,2026-06-23,df3272942cbc,,--path ./pretrained/DubinsCar/gcbf+/ --epi 10 --area-size 6 --obs 0 --seed 1234 --nojit-rollout --spec-len 15 --goal-sample-interval 20 --async-planner --ignore-on-finish --no-video --log -n 16 --spec mseq3-m2branch2-mcover3-m2loop3-m2signal3 --planner stlpy --team-alloc greedy --change_goal_immediately --stl_mixed_spec_mode first1,--path pretrained/DubinsCar/gcbf+/ --epi 10 --area-size 6 --obs 0 --seed 1234 --nojit-rollout --spec-len 15 --goal-sample-interval 20 --async-planner --ignore-on-finish --no-video --log -n 16 --spec mseq3-m2branch2-mcover3-m2loop3-m2signal3 --planner stlpy --team-alloc greedy --wandb-log --change_goal_immediately --stl_mixed_spec_mode first1,_repro_e6x94wxf,10,4800.0,6,15,first1,edm-ma,False,False,,greedy,,90.0,8.926785535678562,93.125,8.125,0.96875,0.03125,1173.416748046875,102.85372161865234,20.4135,1.3547,,,
high_n,mseq3-m2branch2-mcover3-m2loop3-m2signal3,Mixed,16,STLPY-SA,timing,gs2.0-a10,yes,6gn8oe9k,diff-mastl-test,https://wandb.ai/csbric/diff-mastl-test/runs/6gn8oe9k,2d6867f6,2026-06-25,workstation,GCBF_GOAL_SCALE=2,--path ./pretrained/DubinsCar/gcbf+/ --epi 3 --area-size 10 --obs 0 --nojit-rollout --spec-len 15 --goal-sample-interval 20 --spec mseq3-m2branch2-mcover3-m2loop3-m2signal3 --async-planner --ignore-on-finish --no-video --log -n 16 --planner stlpy --team-alloc greedy,--path ./pretrained/DubinsCar/gcbf+/ --epi 3 --area-size 10 --obs 0 --nojit-rollout --spec-len 15 --goal-sample-interval 20 --spec mseq3-m2branch2-mcover3-m2loop3-m2signal3 --async-planner --ignore-on-finish --no-video --log --wandb-log -n 16 --planner stlpy --team-alloc greedy,_repro_6gn8oe9k,3,4800.0,10,15,first1,edm-ma,False,False,,greedy,,64.58333333333334,2.946278254943948,95.83333333333334,5.892556509887896,0.6875,0.05103103443980217,1596.3636474609375,39.22688293457031,25.2634,0.316,,,
high_n,mseq3-m2branch2-mcover3-m2loop3-m2signal3,Mixed,32,DIFF-MA,success,native-a6,yes,dn6gmrhl,diff-mastl-test,https://wandb.ai/csbric/diff-mastl-test/runs/dn6gmrhl,5227c2d0,2026-06-23,129360592fdf,,--path ./pretrained/DubinsCar/gcbf+/ --epi 10 --area-size 6 --obs 0 --seed 1234 --nojit-rollout --spec-len 15 --goal-sample-interval 20 --async-planner --ignore-on-finish --no-video --log -n 32 --spec mseq3-m2branch2-mcover3-m2loop3-m2signal3 --planner diffusion --diffusion-method edm-ma --use_batched_sampling --num_candidates 8 --resample_batch_size 8 --wandb-run-id qkmvppvt --change_goal_immediately --stl_mixed_spec_mode first1,--path pretrained/DubinsCar/gcbf+/ --epi 10 --area-size 6 --obs 0 --seed 1234 --nojit-rollout --spec-len 15 --goal-sample-interval 20 --async-planner --ignore-on-finish --no-video --log -n 32 --spec mseq3-m2branch2-mcover3-m2loop3-m2signal3 --planner diffusion --diffusion-method edm-ma --use_batched_sampling --num_candidates 8 --resample_batch_size 8 --wandb-run-id qkmvppvt --wandb-log --change_goal_immediately --stl_mixed_spec_mode first1 --test-log-suffix _9g8q0gea0kriiy_20260623T130428Z,_repro_dn6gmrhl,10,4800.0,6,15,first1,edm-ma,False,True,,greedy,,91.5625,5.048592006688598,94.375,4.375,0.971875011920929,0.038145486265420914,2035.8570556640625,85.90777587890625,19.5872,0.0132,,,
high_n,mseq3-m2branch2-mcover3-m2loop3-m2signal3,Mixed,32,DIFF-MA,timing,gs2.0-a10,yes,ietvs4pq,diff-mastl-test,https://wandb.ai/csbric/diff-mastl-test/runs/ietvs4pq,2d6867f6,2026-06-25,workstation,GCBF_GOAL_SCALE=2,--path ./pretrained/DubinsCar/gcbf+/ --epi 3 --area-size 10 --obs 0 --nojit-rollout --spec-len 15 --goal-sample-interval 20 --spec mseq3-m2branch2-mcover3-m2loop3-m2signal3 --async-planner --ignore-on-finish --no-video --log -n 32 --planner diffusion --diffusion-method edm-ma --wandb-run-id qkmvppvt --num_candidates 8,--path ./pretrained/DubinsCar/gcbf+/ --epi 3 --area-size 10 --obs 0 --nojit-rollout --spec-len 15 --goal-sample-interval 20 --spec mseq3-m2branch2-mcover3-m2loop3-m2signal3 --async-planner --ignore-on-finish --no-video --log --wandb-log -n 32 --planner diffusion --diffusion-method edm-ma --wandb-run-id qkmvppvt --num_candidates 8,_repro_ietvs4pq,3,4800.0,10,15,first1,edm-ma,False,False,,greedy,,89.58333333333334,3.897559777889522,98.95833333333334,1.473139127471974,0.8958333730697632,0.03897559642791748,2699.0458984375,153.734130859375,7.9037,1.8076,,,
high_n,mseq3-m2branch2-mcover3-m2loop3-m2signal3,Mixed,32,STLPY-SA,success,native-a6,yes,wz08w5bw,diff-mastl-test,https://wandb.ai/csbric/diff-mastl-test/runs/wz08w5bw,5227c2d0,2026-06-23,f9173484080f,,--path ./pretrained/DubinsCar/gcbf+/ --epi 10 --area-size 6 --obs 0 --seed 1234 --nojit-rollout --spec-len 15 --goal-sample-interval 20 --async-planner --ignore-on-finish --no-video --log -n 32 --spec mseq3-m2branch2-mcover3-m2loop3-m2signal3 --planner stlpy --team-alloc greedy --stl_mixed_spec_mode None,--path pretrained/DubinsCar/gcbf+/ --epi 10 --area-size 6 --obs 0 --seed 1234 --nojit-rollout --spec-len 15 --goal-sample-interval 20 --async-planner --ignore-on-finish --no-video --log -n 32 --spec mseq3-m2branch2-mcover3-m2loop3-m2signal3 --planner stlpy --team-alloc greedy --wandb-log --stl_mixed_spec_mode None --test-log-suffix _d398qhfumvvqid_20260623T093424Z,_repro_wz08w5bw,10,4800.0,6,15,None,edm-ma,False,False,,greedy,,81.875,4.375,89.375,4.677071733467427,0.925000011920929,0.040019527077674866,1625.5521240234375,129.71604919433594,55.808,3.9291,,,
high_n,mseq3-m2branch2-mcover3-m2loop3-m2signal3,Mixed,32,STLPY-SA,timing,gs2.0-a10,yes,sa5tmyv6,diff-mastl-test,https://wandb.ai/csbric/diff-mastl-test/runs/sa5tmyv6,2d6867f6,2026-06-25,workstation,GCBF_GOAL_SCALE=2,--path ./pretrained/DubinsCar/gcbf+/ --epi 3 --area-size 10 --obs 0 --nojit-rollout --spec-len 15 --goal-sample-interval 20 --spec mseq3-m2branch2-mcover3-m2loop3-m2signal3 --async-planner --ignore-on-finish --no-video --log -n 32 --planner stlpy --team-alloc greedy,--path ./pretrained/DubinsCar/gcbf+/ --epi 3 --area-size 10 --obs 0 --nojit-rollout --spec-len 15 --goal-sample-interval 20 --spec mseq3-m2branch2-mcover3-m2loop3-m2signal3 --async-planner --ignore-on-finish --no-video --log --wandb-log -n 32 --planner stlpy --team-alloc greedy,_repro_sa5tmyv6,3,4800.0,10,15,first1,edm-ma,False,False,,greedy,,66.66666666666666,6.421264586426018,90.625,5.103103630798287,0.75,0.0,1808.5,95.72333526611328,46.1929,0.4987,,,
high_n,mseq3-m2branch2-mcover3-m2loop3-m2signal3,Mixed,64,DIFF-MA,both,gs2.0-a10,yes,sm1rrbw2,diff-mastl-test,https://wandb.ai/csbric/diff-mastl-test/runs/sm1rrbw2,2d6867f6,2026-06-25,workstation,GCBF_GOAL_SCALE=2,--path ./pretrained/DubinsCar/gcbf+/ --epi 3 --area-size 10 --obs 0 --nojit-rollout --spec-len 15 --goal-sample-interval 20 --spec mseq3-m2branch2-mcover3-m2loop3-m2signal3 --async-planner --ignore-on-finish --no-video --log -n 64 --planner diffusion --diffusion-method edm-ma --wandb-run-id qkmvppvt --num_candidates 8,--path ./pretrained/DubinsCar/gcbf+/ --epi 3 --area-size 10 --obs 0 --nojit-rollout --spec-len 15 --goal-sample-interval 20 --spec mseq3-m2branch2-mcover3-m2loop3-m2signal3 --async-planner --ignore-on-finish --no-video --log --wandb-log -n 64 --planner diffusion --diffusion-method edm-ma --wandb-run-id qkmvppvt --num_candidates 8,_repro_sm1rrbw2,3,4800.0,10,15,first1,edm-ma,False,False,,greedy,,70.83333333333334,4.83000963307068,80.20833333333334,5.155986946151909,0.8854166865348816,0.007365696132183075,3149.7138671875,77.85359954833984,20.9445,3.8542,,,
high_n,mseq3-m2branch2-mcover3-m2loop3-m2signal3,Mixed,64,STLPY-SA,both,gs2.0-a10,yes,n8japtot,diff-mastl-test,https://wandb.ai/csbric/diff-mastl-test/runs/n8japtot,2d6867f6,2026-06-25,workstation,GCBF_GOAL_SCALE=2,--path ./pretrained/DubinsCar/gcbf+/ --epi 3 --area-size 10 --obs 0 --nojit-rollout --spec-len 15 --goal-sample-interval 20 --spec mseq3-m2branch2-mcover3-m2loop3-m2signal3 --async-planner --ignore-on-finish --no-video --log -n 64 --planner stlpy --team-alloc greedy,--path ./pretrained/DubinsCar/gcbf+/ --epi 3 --area-size 10 --obs 0 --nojit-rollout --spec-len 15 --goal-sample-interval 20 --spec mseq3-m2branch2-mcover3-m2loop3-m2signal3 --async-planner --ignore-on-finish --no-video --log --wandb-log -n 64 --planner stlpy --team-alloc greedy,_repro_n8japtot,3,4800.0,10,15,first1,edm-ma,False,False,,greedy,,55.208333333333336,2.655739329996242,83.33333333333334,3.6828478186799343,0.6979166865348816,0.007365696132183075,1834.99658203125,20.431520462036133,90.9598,1.6681,,,
high_n,mseq3-m2branch2-mcover3-m2loop3-m2signal3,Mixed,128,DIFF-MA,both,gs2.0-a10,yes,dhlreotp,diff-mastl-test,https://wandb.ai/csbric/diff-mastl-test/runs/dhlreotp,2d6867f6,2026-06-25,workstation,GCBF_GOAL_SCALE=2,--path ./pretrained/DubinsCar/gcbf+/ --epi 3 --area-size 10 --obs 0 --nojit-rollout --spec-len 15 --goal-sample-interval 20 --spec mseq3-m2branch2-mcover3-m2loop3-m2signal3 --async-planner --ignore-on-finish --no-video --log -n 128 --planner diffusion --diffusion-method edm-ma --wandb-run-id qkmvppvt --num_candidates 8,--path ./pretrained/DubinsCar/gcbf+/ --epi 3 --area-size 10 --obs 0 --nojit-rollout --spec-len 15 --goal-sample-interval 20 --spec mseq3-m2branch2-mcover3-m2loop3-m2signal3 --async-planner --ignore-on-finish --no-video --log --wandb-log -n 128 --planner diffusion --diffusion-method edm-ma --wandb-run-id qkmvppvt --num_candidates 8,_repro_dhlreotp,3,4800.0,10,15,first1,edm-ma,False,False,,greedy,,34.375,5.4501170667855074,41.92708333333333,6.129480362468657,0.7760416865348816,0.028763961046934128,3662.4697265625,78.08081817626953,49.888,0.0681,,,
high_n,mseq3-m2branch2-mcover3-m2loop3-m2signal3,Mixed,128,STLPY-SA,both,gs2.0-a10,yes,z34c6fg2,diff-mastl-test,https://wandb.ai/csbric/diff-mastl-test/runs/z34c6fg2,2d6867f6,2026-06-25,workstation,GCBF_GOAL_SCALE=2,--path ./pretrained/DubinsCar/gcbf+/ --epi 3 --area-size 10 --obs 0 --nojit-rollout --spec-len 15 --goal-sample-interval 20 --spec mseq3-m2branch2-mcover3-m2loop3-m2signal3 --async-planner --ignore-on-finish --no-video --log -n 128 --planner stlpy --team-alloc greedy,--path ./pretrained/DubinsCar/gcbf+/ --epi 3 --area-size 10 --obs 0 --nojit-rollout --spec-len 15 --goal-sample-interval 20 --spec mseq3-m2branch2-mcover3-m2loop3-m2signal3 --async-planner --ignore-on-finish --no-video --log --wandb-log -n 128 --planner stlpy --team-alloc greedy,_repro_z34c6fg2,3,4800.0,10,15,first1,edm-ma,False,False,,greedy,,33.33333333333333,1.948779888944761,64.0625,0.6378879538497859,0.6614583730697632,0.025779934599995613,2264.7666015625,74.6401596069336,195.1481,2.7117,,,
